participant_id,question_code,rating,comment
p4,other_liked_me,4,"P7 was consistently responsive, asked follow-up questions (about the knee, the son, Christmas), shared a personal anecdote about being a difficult teenager, and closed politely. Although their speech was sometimes halting and overlapped, the signals (interest in her son, asking why she hates Christmas, staying engaged) would lead P4 to infer that P7 had a generally warm, positive experience."
p4,liked,3,"P4 carried more of the narrative load (knee surgery, son, views on Christmas) and did much of the topic-initiating, but P7 did respond and share a bit. The interaction was polite and somewhat above superficial small talk, yet there is no strong sign of excitement or deep connection. P4 even mentions hating Christmas, suggesting some emotional openness but not necessarily enjoyment. Overall, slightly better than baseline small talk but not truly warm or fun for her."
p4,conversation_quality,3,"The conversation had a reasonable flow: health, studies, her son’s teaching plans, funding, side gigs, and attitudes toward Christmas. There were some minor misunderstandings and overlaps, but they asked each other questions and moved between topics without long silences. It goes a bit beyond pure small talk, but lacks sustained mutual enthusiasm or shared laughter, so it fits an above-average but not fully warm interaction."
p4,video_conference_quality,4,"There was at least one noticeable freeze that P4 explicitly commented on (""Oh, we've frozen. Are you back?""). However, the call quickly resumed and they continued the conversation without repeated mid-conversation failures. P4 likely experienced it as slightly annoying but overall acceptable quality, better than mediocre but not flawless."
p4,transcription_quality,3,"From P4’s perspective, the transcript would seem mostly accurate in content but messy: overlapping fragments, repeated words, and some mis-segmentation of turns. Her own longer turns are largely intelligible, but the structure is confusing. This corresponds to a somewhat below-ideal but usable transcription."
p7,other_liked_me,4,"P7 would see P4 as engaged and talkative: P4 volunteered personal information (knee replacement, son’s career, dislike of Christmas), asked several questions about P7’s studies and funding, and ended with warm well-wishes for P7’s future. These behaviors signal that P4 was invested in the interaction and likely had a reasonably good time, even if she expressed negative feelings about Christmas itself."
p7,liked,3,"P7 participated, asked about P4’s pain, commented that her son has courage, shared a self-deprecating story about being a difficult teen, and reflected briefly on Christmas. However, P7’s responses are often short, sometimes slightly disfluent, and they do not strongly build on topics. The interaction seems mildly engaging but not especially fun or bonding for P7—better than bare small talk but not truly warm or exciting."
p7,conversation_quality,3,"From P7’s vantage point, the conversation covered several substantive topics and P4 provided clear narratives, which gives it some interest. Yet P7 sometimes struggled with timing and overlap, and there is limited mutual elaboration or shared enthusiasm. The flow is acceptable and somewhat engaging, but not particularly smooth or lively, fitting an above-average but not fully comfortable conversation."
p7,video_conference_quality,4,"P7 experienced at least one freeze that required a brief reset (acknowledging ""yes I'm back sorry""), but the rest of the call proceeded without major disruption. Given that the main part of the interaction was intact, P7 would likely rate the call as generally good with minor issues rather than poor."
p7,transcription_quality,2,"P7’s own utterances are often broken into many small overlapping fragments, with some words misrecognized or oddly placed, making their contributions look more disjointed than they likely felt. While the gist is recoverable, the transcript quality for their side appears only just adequate, closer to a baseline/mediocre level than clearly good."
