,participant_condition,other_condition,user_id,other_id,question_content,sid,sentence_dur,nb_sentences
0,S,S,mkprolific_participant_real_31p2,mkprolific_participant_real_31p5,conversation_quality,mkprolific_participant_real_31,3.36656804733728,84.5
1,S,S,mkprolific_participant_real_31p2,mkprolific_participant_real_31p5,liked,mkprolific_participant_real_31,3.36656804733728,84.5
2,S,S,mkprolific_participant_real_31p2,mkprolific_participant_real_31p5,other_liked,mkprolific_participant_real_31,3.36656804733728,84.5
3,S,S,mkprolific_participant_real_31p2,mkprolific_participant_real_31p5,video_conf_quality,mkprolific_participant_real_31,3.36656804733728,84.5
4,S,S,mkprolific_participant_real_31p5,mkprolific_participant_real_31p2,conversation_quality,mkprolific_participant_real_31,7.357365269461078,83.5
5,S,S,mkprolific_participant_real_31p5,mkprolific_participant_real_31p2,liked,mkprolific_participant_real_31,7.357365269461078,83.5
6,S,S,mkprolific_participant_real_31p5,mkprolific_participant_real_31p2,other_liked,mkprolific_participant_real_31,7.357365269461078,83.5
7,S,S,mkprolific_participant_real_31p5,mkprolific_participant_real_31p2,video_conf_quality,mkprolific_participant_real_31,7.357365269461078,83.5
8,U,S,mkprolific_participant_real_31p2,mkprolific_participant_real_31p6,conversation_quality,mkprolific_participant_real_31,4.9028301886792445,79.5
9,U,S,mkprolific_participant_real_31p2,mkprolific_participant_real_31p6,liked,mkprolific_participant_real_31,4.9028301886792445,79.5
10,U,S,mkprolific_participant_real_31p2,mkprolific_participant_real_31p6,other_liked,mkprolific_participant_real_31,4.9028301886792445,79.5
11,U,S,mkprolific_participant_real_31p2,mkprolific_participant_real_31p6,video_conf_quality,mkprolific_participant_real_31,4.9028301886792445,79.5
12,S,U,mkprolific_participant_real_31p6,mkprolific_participant_real_31p2,conversation_quality,mkprolific_participant_real_31,7.716459627329195,80.5
13,S,U,mkprolific_participant_real_31p6,mkprolific_participant_real_31p2,liked,mkprolific_participant_real_31,7.716459627329195,80.5
14,S,U,mkprolific_participant_real_31p6,mkprolific_participant_real_31p2,other_liked,mkprolific_participant_real_31,7.716459627329195,80.5
15,S,U,mkprolific_participant_real_31p6,mkprolific_participant_real_31p2,video_conf_quality,mkprolific_participant_real_31,7.716459627329195,80.5
16,U,S,mkprolific_participant_real_31p3,mkprolific_participant_real_31p5,conversation_quality,mkprolific_participant_real_31,12.379637681159421,69.0
17,U,S,mkprolific_participant_real_31p3,mkprolific_participant_real_31p5,liked,mkprolific_participant_real_31,12.379637681159421,69.0
18,U,S,mkprolific_participant_real_31p3,mkprolific_participant_real_31p5,other_liked,mkprolific_participant_real_31,12.379637681159421,69.0
19,U,S,mkprolific_participant_real_31p3,mkprolific_participant_real_31p5,video_conf_quality,mkprolific_participant_real_31,12.379637681159421,69.0
20,S,U,mkprolific_participant_real_31p5,mkprolific_participant_real_31p3,conversation_quality,mkprolific_participant_real_31,4.298214285714285,70.0
21,S,U,mkprolific_participant_real_31p5,mkprolific_participant_real_31p3,liked,mkprolific_participant_real_31,4.298214285714285,70.0
22,S,U,mkprolific_participant_real_31p5,mkprolific_participant_real_31p3,other_liked,mkprolific_participant_real_31,4.298214285714285,70.0
23,S,U,mkprolific_participant_real_31p5,mkprolific_participant_real_31p3,video_conf_quality,mkprolific_participant_real_31,4.298214285714285,70.0
24,S,S,mkprolific_participant_real_31p3,mkprolific_participant_real_31p6,conversation_quality,mkprolific_participant_real_31,6.571972789115649,73.5
25,S,S,mkprolific_participant_real_31p3,mkprolific_participant_real_31p6,liked,mkprolific_participant_real_31,6.571972789115649,73.5
26,S,S,mkprolific_participant_real_31p3,mkprolific_participant_real_31p6,other_liked,mkprolific_participant_real_31,6.571972789115649,73.5
27,S,S,mkprolific_participant_real_31p3,mkprolific_participant_real_31p6,video_conf_quality,mkprolific_participant_real_31,6.571972789115649,73.5
28,S,S,mkprolific_participant_real_31p6,mkprolific_participant_real_31p3,conversation_quality,mkprolific_participant_real_31,7.876598639455783,73.5
29,S,S,mkprolific_participant_real_31p6,mkprolific_participant_real_31p3,liked,mkprolific_participant_real_31,7.876598639455783,73.5
30,S,S,mkprolific_participant_real_31p6,mkprolific_participant_real_31p3,other_liked,mkprolific_participant_real_31,7.876598639455783,73.5
31,S,S,mkprolific_participant_real_31p6,mkprolific_participant_real_31p3,video_conf_quality,mkprolific_participant_real_31,7.876598639455783,73.5
32,S,U,mkprolific_participant_real_31p3,mkprolific_participant_real_31p7,conversation_quality,mkprolific_participant_real_31,9.583693693693695,55.5
33,S,U,mkprolific_participant_real_31p3,mkprolific_participant_real_31p7,liked,mkprolific_participant_real_31,9.583693693693695,55.5
34,S,U,mkprolific_participant_real_31p3,mkprolific_participant_real_31p7,other_liked,mkprolific_participant_real_31,9.583693693693695,55.5
35,S,U,mkprolific_participant_real_31p3,mkprolific_participant_real_31p7,video_conf_quality,mkprolific_participant_real_31,9.583693693693695,55.5
36,U,S,mkprolific_participant_real_31p7,mkprolific_participant_real_31p3,conversation_quality,mkprolific_participant_real_31,9.565412844036699,54.5
37,U,S,mkprolific_participant_real_31p7,mkprolific_participant_real_31p3,liked,mkprolific_participant_real_31,9.565412844036699,54.5
38,U,S,mkprolific_participant_real_31p7,mkprolific_participant_real_31p3,other_liked,mkprolific_participant_real_31,9.565412844036699,54.5
39,U,S,mkprolific_participant_real_31p7,mkprolific_participant_real_31p3,video_conf_quality,mkprolific_participant_real_31,9.565412844036699,54.5
40,S,U,mkprolific_participant_real_31p4,mkprolific_participant_real_31p5,conversation_quality,mkprolific_participant_real_31,10.694890510948905,68.5
41,S,U,mkprolific_participant_real_31p4,mkprolific_participant_real_31p5,liked,mkprolific_participant_real_31,10.694890510948905,68.5
42,S,U,mkprolific_participant_real_31p4,mkprolific_participant_real_31p5,other_liked,mkprolific_participant_real_31,10.694890510948905,68.5
43,S,U,mkprolific_participant_real_31p4,mkprolific_participant_real_31p5,video_conf_quality,mkprolific_participant_real_31,10.694890510948905,68.5
44,U,S,mkprolific_participant_real_31p5,mkprolific_participant_real_31p4,conversation_quality,mkprolific_participant_real_31,5.209854014598539,68.5
45,U,S,mkprolific_participant_real_31p5,mkprolific_participant_real_31p4,liked,mkprolific_participant_real_31,5.209854014598539,68.5
46,U,S,mkprolific_participant_real_31p5,mkprolific_participant_real_31p4,other_liked,mkprolific_participant_real_31,5.209854014598539,68.5
47,U,S,mkprolific_participant_real_31p5,mkprolific_participant_real_31p4,video_conf_quality,mkprolific_participant_real_31,5.209854014598539,68.5
48,U,U,mkprolific_participant_real_31p4,mkprolific_participant_real_31p6,conversation_quality,mkprolific_participant_real_31,6.124927536231884,69.0
49,U,U,mkprolific_participant_real_31p4,mkprolific_participant_real_31p6,liked,mkprolific_participant_real_31,6.124927536231884,69.0
50,U,U,mkprolific_participant_real_31p4,mkprolific_participant_real_31p6,other_liked,mkprolific_participant_real_31,6.124927536231884,69.0
51,U,U,mkprolific_participant_real_31p4,mkprolific_participant_real_31p6,video_conf_quality,mkprolific_participant_real_31,6.124927536231884,69.0
52,U,U,mkprolific_participant_real_31p6,mkprolific_participant_real_31p4,conversation_quality,mkprolific_participant_real_31,5.943795620437954,68.5
53,U,U,mkprolific_participant_real_31p6,mkprolific_participant_real_31p4,liked,mkprolific_participant_real_31,5.943795620437954,68.5
54,U,U,mkprolific_participant_real_31p6,mkprolific_participant_real_31p4,other_liked,mkprolific_participant_real_31,5.943795620437954,68.5
55,U,U,mkprolific_participant_real_31p6,mkprolific_participant_real_31p4,video_conf_quality,mkprolific_participant_real_31,5.943795620437954,68.5
56,U,S,mkprolific_participant_real_31p4,mkprolific_participant_real_31p7,conversation_quality,mkprolific_participant_real_31,10.609323308270676,66.5
57,U,S,mkprolific_participant_real_31p4,mkprolific_participant_real_31p7,liked,mkprolific_participant_real_31,10.609323308270676,66.5
58,U,S,mkprolific_participant_real_31p4,mkprolific_participant_real_31p7,other_liked,mkprolific_participant_real_31,10.609323308270676,66.5
59,U,S,mkprolific_participant_real_31p4,mkprolific_participant_real_31p7,video_conf_quality,mkprolific_participant_real_31,10.609323308270676,66.5
60,S,U,mkprolific_participant_real_31p7,mkprolific_participant_real_31p4,conversation_quality,mkprolific_participant_real_31,6.065190839694657,65.5
61,S,U,mkprolific_participant_real_31p7,mkprolific_participant_real_31p4,liked,mkprolific_participant_real_31,6.065190839694657,65.5
62,S,U,mkprolific_participant_real_31p7,mkprolific_participant_real_31p4,other_liked,mkprolific_participant_real_31,6.065190839694657,65.5
63,S,U,mkprolific_participant_real_31p7,mkprolific_participant_real_31p4,video_conf_quality,mkprolific_participant_real_31,6.065190839694657,65.5
64,U,U,mkprolific_participant_real_32p1,mkprolific_participant_real_32p5,conversation_quality,mkprolific_participant_real_32,9.891012658227847,39.5
65,U,U,mkprolific_participant_real_32p1,mkprolific_participant_real_32p5,liked,mkprolific_participant_real_32,9.891012658227847,39.5
66,U,U,mkprolific_participant_real_32p1,mkprolific_participant_real_32p5,other_liked,mkprolific_participant_real_32,9.891012658227847,39.5
67,U,U,mkprolific_participant_real_32p1,mkprolific_participant_real_32p5,video_conf_quality,mkprolific_participant_real_32,9.891012658227847,39.5
68,U,U,mkprolific_participant_real_32p5,mkprolific_participant_real_32p1,conversation_quality,mkprolific_participant_real_32,7.991410256410257,39.0
69,U,U,mkprolific_participant_real_32p5,mkprolific_participant_real_32p1,liked,mkprolific_participant_real_32,7.991410256410257,39.0
70,U,U,mkprolific_participant_real_32p5,mkprolific_participant_real_32p1,other_liked,mkprolific_participant_real_32,7.991410256410257,39.0
71,U,U,mkprolific_participant_real_32p5,mkprolific_participant_real_32p1,video_conf_quality,mkprolific_participant_real_32,7.991410256410257,39.0
72,S,U,mkprolific_participant_real_32p1,mkprolific_participant_real_32p6,conversation_quality,mkprolific_participant_real_32,10.021333333333331,30.0
73,S,U,mkprolific_participant_real_32p1,mkprolific_participant_real_32p6,liked,mkprolific_participant_real_32,10.021333333333331,30.0
74,S,U,mkprolific_participant_real_32p1,mkprolific_participant_real_32p6,other_liked,mkprolific_participant_real_32,10.021333333333331,30.0
75,S,U,mkprolific_participant_real_32p1,mkprolific_participant_real_32p6,video_conf_quality,mkprolific_participant_real_32,10.021333333333331,30.0
76,U,S,mkprolific_participant_real_32p6,mkprolific_participant_real_32p1,conversation_quality,mkprolific_participant_real_32,9.166666666666664,30.0
77,U,S,mkprolific_participant_real_32p6,mkprolific_participant_real_32p1,liked,mkprolific_participant_real_32,9.166666666666664,30.0
78,U,S,mkprolific_participant_real_32p6,mkprolific_participant_real_32p1,other_liked,mkprolific_participant_real_32,9.166666666666664,30.0
79,U,S,mkprolific_participant_real_32p6,mkprolific_participant_real_32p1,video_conf_quality,mkprolific_participant_real_32,9.166666666666664,30.0
80,S,S,mkprolific_participant_real_32p1,mkprolific_participant_real_32p7,conversation_quality,mkprolific_participant_real_32,7.5879824561403515,57.0
81,S,S,mkprolific_participant_real_32p1,mkprolific_participant_real_32p7,liked,mkprolific_participant_real_32,7.5879824561403515,57.0
82,S,S,mkprolific_participant_real_32p1,mkprolific_participant_real_32p7,other_liked,mkprolific_participant_real_32,7.5879824561403515,57.0
83,S,S,mkprolific_participant_real_32p1,mkprolific_participant_real_32p7,video_conf_quality,mkprolific_participant_real_32,7.5879824561403515,57.0
84,S,S,mkprolific_participant_real_32p7,mkprolific_participant_real_32p1,conversation_quality,mkprolific_participant_real_32,9.666293103448274,58.0
85,S,S,mkprolific_participant_real_32p7,mkprolific_participant_real_32p1,liked,mkprolific_participant_real_32,9.666293103448274,58.0
86,S,S,mkprolific_participant_real_32p7,mkprolific_participant_real_32p1,other_liked,mkprolific_participant_real_32,9.666293103448274,58.0
87,S,S,mkprolific_participant_real_32p7,mkprolific_participant_real_32p1,video_conf_quality,mkprolific_participant_real_32,9.666293103448274,58.0
88,U,S,mkprolific_participant_real_32p1,mkprolific_participant_real_32p8,conversation_quality,mkprolific_participant_real_32,4.381747572815534,51.5
89,U,S,mkprolific_participant_real_32p1,mkprolific_participant_real_32p8,liked,mkprolific_participant_real_32,4.381747572815534,51.5
90,U,S,mkprolific_participant_real_32p1,mkprolific_participant_real_32p8,other_liked,mkprolific_participant_real_32,4.381747572815534,51.5
91,U,S,mkprolific_participant_real_32p1,mkprolific_participant_real_32p8,video_conf_quality,mkprolific_participant_real_32,4.381747572815534,51.5
92,S,U,mkprolific_participant_real_32p8,mkprolific_participant_real_32p1,conversation_quality,mkprolific_participant_real_32,7.598761904761906,52.5
93,S,U,mkprolific_participant_real_32p8,mkprolific_participant_real_32p1,liked,mkprolific_participant_real_32,7.598761904761906,52.5
94,S,U,mkprolific_participant_real_32p8,mkprolific_participant_real_32p1,other_liked,mkprolific_participant_real_32,7.598761904761906,52.5
95,S,U,mkprolific_participant_real_32p8,mkprolific_participant_real_32p1,video_conf_quality,mkprolific_participant_real_32,7.598761904761906,52.5
96,S,S,mkprolific_participant_real_32p2,mkprolific_participant_real_32p5,conversation_quality,mkprolific_participant_real_32,6.7249599999999985,62.5
97,S,S,mkprolific_participant_real_32p2,mkprolific_participant_real_32p5,liked,mkprolific_participant_real_32,6.7249599999999985,62.5
98,S,S,mkprolific_participant_real_32p2,mkprolific_participant_real_32p5,other_liked,mkprolific_participant_real_32,6.7249599999999985,62.5
99,S,S,mkprolific_participant_real_32p2,mkprolific_participant_real_32p5,video_conf_quality,mkprolific_participant_real_32,6.7249599999999985,62.5
100,S,S,mkprolific_participant_real_32p5,mkprolific_participant_real_32p2,conversation_quality,mkprolific_participant_real_32,4.596319999999998,62.5
101,S,S,mkprolific_participant_real_32p5,mkprolific_participant_real_32p2,liked,mkprolific_participant_real_32,4.596319999999998,62.5
102,S,S,mkprolific_participant_real_32p5,mkprolific_participant_real_32p2,other_liked,mkprolific_participant_real_32,4.596319999999998,62.5
103,S,S,mkprolific_participant_real_32p5,mkprolific_participant_real_32p2,video_conf_quality,mkprolific_participant_real_32,4.596319999999998,62.5
104,U,U,mkprolific_participant_real_32p2,mkprolific_participant_real_32p7,conversation_quality,mkprolific_participant_real_32,6.525245901639344,91.5
105,U,U,mkprolific_participant_real_32p2,mkprolific_participant_real_32p7,liked,mkprolific_participant_real_32,6.525245901639344,91.5
106,U,U,mkprolific_participant_real_32p2,mkprolific_participant_real_32p7,other_liked,mkprolific_participant_real_32,6.525245901639344,91.5
107,U,U,mkprolific_participant_real_32p2,mkprolific_participant_real_32p7,video_conf_quality,mkprolific_participant_real_32,6.525245901639344,91.5
108,U,U,mkprolific_participant_real_32p7,mkprolific_participant_real_32p2,conversation_quality,mkprolific_participant_real_32,6.404756756756756,92.5
109,U,U,mkprolific_participant_real_32p7,mkprolific_participant_real_32p2,liked,mkprolific_participant_real_32,6.404756756756756,92.5
110,U,U,mkprolific_participant_real_32p7,mkprolific_participant_real_32p2,other_liked,mkprolific_participant_real_32,6.404756756756756,92.5
111,U,U,mkprolific_participant_real_32p7,mkprolific_participant_real_32p2,video_conf_quality,mkprolific_participant_real_32,6.404756756756756,92.5
112,S,U,mkprolific_participant_real_32p2,mkprolific_participant_real_32p8,conversation_quality,mkprolific_participant_real_32,10.972568807339448,54.5
113,S,U,mkprolific_participant_real_32p2,mkprolific_participant_real_32p8,liked,mkprolific_participant_real_32,10.972568807339448,54.5
114,S,U,mkprolific_participant_real_32p2,mkprolific_participant_real_32p8,other_liked,mkprolific_participant_real_32,10.972568807339448,54.5
115,S,U,mkprolific_participant_real_32p2,mkprolific_participant_real_32p8,video_conf_quality,mkprolific_participant_real_32,10.972568807339448,54.5
116,U,S,mkprolific_participant_real_32p8,mkprolific_participant_real_32p2,conversation_quality,mkprolific_participant_real_32,5.112454545454545,55.0
117,U,S,mkprolific_participant_real_32p8,mkprolific_participant_real_32p2,liked,mkprolific_participant_real_32,5.112454545454545,55.0
118,U,S,mkprolific_participant_real_32p8,mkprolific_participant_real_32p2,other_liked,mkprolific_participant_real_32,5.112454545454545,55.0
119,U,S,mkprolific_participant_real_32p8,mkprolific_participant_real_32p2,video_conf_quality,mkprolific_participant_real_32,5.112454545454545,55.0
120,U,S,mkprolific_participant_real_32p3,mkprolific_participant_real_32p5,conversation_quality,mkprolific_participant_real_32,4.114578313253011,41.5
121,U,S,mkprolific_participant_real_32p3,mkprolific_participant_real_32p5,liked,mkprolific_participant_real_32,4.114578313253011,41.5
122,U,S,mkprolific_participant_real_32p3,mkprolific_participant_real_32p5,other_liked,mkprolific_participant_real_32,4.114578313253011,41.5
123,U,S,mkprolific_participant_real_32p3,mkprolific_participant_real_32p5,video_conf_quality,mkprolific_participant_real_32,4.114578313253011,41.5
124,S,U,mkprolific_participant_real_32p5,mkprolific_participant_real_32p3,conversation_quality,mkprolific_participant_real_32,13.373132530120479,41.5
125,S,U,mkprolific_participant_real_32p5,mkprolific_participant_real_32p3,liked,mkprolific_participant_real_32,13.373132530120479,41.5
126,S,U,mkprolific_participant_real_32p5,mkprolific_participant_real_32p3,other_liked,mkprolific_participant_real_32,13.373132530120479,41.5
127,S,U,mkprolific_participant_real_32p5,mkprolific_participant_real_32p3,video_conf_quality,mkprolific_participant_real_32,13.373132530120479,41.5
128,S,S,mkprolific_participant_real_32p3,mkprolific_participant_real_32p6,conversation_quality,mkprolific_participant_real_32,7.929610389610391,38.5
129,S,S,mkprolific_participant_real_32p3,mkprolific_participant_real_32p6,liked,mkprolific_participant_real_32,7.929610389610391,38.5
130,S,S,mkprolific_participant_real_32p3,mkprolific_participant_real_32p6,other_liked,mkprolific_participant_real_32,7.929610389610391,38.5
131,S,S,mkprolific_participant_real_32p3,mkprolific_participant_real_32p6,video_conf_quality,mkprolific_participant_real_32,7.929610389610391,38.5
132,S,S,mkprolific_participant_real_32p6,mkprolific_participant_real_32p3,conversation_quality,mkprolific_participant_real_32,10.247368421052627,38.0
133,S,S,mkprolific_participant_real_32p6,mkprolific_participant_real_32p3,liked,mkprolific_participant_real_32,10.247368421052627,38.0
134,S,S,mkprolific_participant_real_32p6,mkprolific_participant_real_32p3,other_liked,mkprolific_participant_real_32,10.247368421052627,38.0
135,S,S,mkprolific_participant_real_32p6,mkprolific_participant_real_32p3,video_conf_quality,mkprolific_participant_real_32,10.247368421052627,38.0
136,S,U,mkprolific_participant_real_32p3,mkprolific_participant_real_32p7,conversation_quality,mkprolific_participant_real_32,9.149338842975206,60.5
137,S,U,mkprolific_participant_real_32p3,mkprolific_participant_real_32p7,liked,mkprolific_participant_real_32,9.149338842975206,60.5
138,S,U,mkprolific_participant_real_32p3,mkprolific_participant_real_32p7,other_liked,mkprolific_participant_real_32,9.149338842975206,60.5
139,S,U,mkprolific_participant_real_32p3,mkprolific_participant_real_32p7,video_conf_quality,mkprolific_participant_real_32,9.149338842975206,60.5
140,U,S,mkprolific_participant_real_32p7,mkprolific_participant_real_32p3,conversation_quality,mkprolific_participant_real_32,6.55130081300813,61.5
141,U,S,mkprolific_participant_real_32p7,mkprolific_participant_real_32p3,liked,mkprolific_participant_real_32,6.55130081300813,61.5
142,U,S,mkprolific_participant_real_32p7,mkprolific_participant_real_32p3,other_liked,mkprolific_participant_real_32,6.55130081300813,61.5
143,U,S,mkprolific_participant_real_32p7,mkprolific_participant_real_32p3,video_conf_quality,mkprolific_participant_real_32,6.55130081300813,61.5
144,U,U,mkprolific_participant_real_32p3,mkprolific_participant_real_32p8,conversation_quality,mkprolific_participant_real_32,5.714142857142856,35.0
145,U,U,mkprolific_participant_real_32p3,mkprolific_participant_real_32p8,liked,mkprolific_participant_real_32,5.714142857142856,35.0
146,U,U,mkprolific_participant_real_32p3,mkprolific_participant_real_32p8,other_liked,mkprolific_participant_real_32,5.714142857142856,35.0
147,U,U,mkprolific_participant_real_32p3,mkprolific_participant_real_32p8,video_conf_quality,mkprolific_participant_real_32,5.714142857142856,35.0
148,U,U,mkprolific_participant_real_32p8,mkprolific_participant_real_32p3,conversation_quality,mkprolific_participant_real_32,5.848714285714287,35.0
149,U,U,mkprolific_participant_real_32p8,mkprolific_participant_real_32p3,liked,mkprolific_participant_real_32,5.848714285714287,35.0
150,U,U,mkprolific_participant_real_32p8,mkprolific_participant_real_32p3,other_liked,mkprolific_participant_real_32,5.848714285714287,35.0
151,U,U,mkprolific_participant_real_32p8,mkprolific_participant_real_32p3,video_conf_quality,mkprolific_participant_real_32,5.848714285714287,35.0
152,S,U,mkprolific_participant_real_32p4,mkprolific_participant_real_32p5,conversation_quality,mkprolific_participant_real_32,5.891666666666665,60.0
153,S,U,mkprolific_participant_real_32p4,mkprolific_participant_real_32p5,liked,mkprolific_participant_real_32,5.891666666666665,60.0
154,S,U,mkprolific_participant_real_32p4,mkprolific_participant_real_32p5,other_liked,mkprolific_participant_real_32,5.891666666666665,60.0
155,S,U,mkprolific_participant_real_32p4,mkprolific_participant_real_32p5,video_conf_quality,mkprolific_participant_real_32,5.891666666666665,60.0
156,U,S,mkprolific_participant_real_32p5,mkprolific_participant_real_32p4,conversation_quality,mkprolific_participant_real_32,5.7390983606557375,61.0
157,U,S,mkprolific_participant_real_32p5,mkprolific_participant_real_32p4,liked,mkprolific_participant_real_32,5.7390983606557375,61.0
158,U,S,mkprolific_participant_real_32p5,mkprolific_participant_real_32p4,other_liked,mkprolific_participant_real_32,5.7390983606557375,61.0
159,U,S,mkprolific_participant_real_32p5,mkprolific_participant_real_32p4,video_conf_quality,mkprolific_participant_real_32,5.7390983606557375,61.0
160,U,U,mkprolific_participant_real_32p4,mkprolific_participant_real_32p6,conversation_quality,mkprolific_participant_real_32,3.375227272727271,44.0
161,U,U,mkprolific_participant_real_32p4,mkprolific_participant_real_32p6,liked,mkprolific_participant_real_32,3.375227272727271,44.0
162,U,U,mkprolific_participant_real_32p4,mkprolific_participant_real_32p6,other_liked,mkprolific_participant_real_32,3.375227272727271,44.0
163,U,U,mkprolific_participant_real_32p4,mkprolific_participant_real_32p6,video_conf_quality,mkprolific_participant_real_32,3.375227272727271,44.0
164,U,U,mkprolific_participant_real_32p6,mkprolific_participant_real_32p4,conversation_quality,mkprolific_participant_real_32,10.675581395348836,43.0
165,U,U,mkprolific_participant_real_32p6,mkprolific_participant_real_32p4,liked,mkprolific_participant_real_32,10.675581395348836,43.0
166,U,U,mkprolific_participant_real_32p6,mkprolific_participant_real_32p4,other_liked,mkprolific_participant_real_32,10.675581395348836,43.0
167,U,U,mkprolific_participant_real_32p6,mkprolific_participant_real_32p4,video_conf_quality,mkprolific_participant_real_32,10.675581395348836,43.0
168,U,S,mkprolific_participant_real_32p4,mkprolific_participant_real_32p7,conversation_quality,mkprolific_participant_real_32,7.69166666666667,57.0
169,U,S,mkprolific_participant_real_32p4,mkprolific_participant_real_32p7,liked,mkprolific_participant_real_32,7.69166666666667,57.0
170,U,S,mkprolific_participant_real_32p4,mkprolific_participant_real_32p7,other_liked,mkprolific_participant_real_32,7.69166666666667,57.0
171,U,S,mkprolific_participant_real_32p4,mkprolific_participant_real_32p7,video_conf_quality,mkprolific_participant_real_32,7.69166666666667,57.0
172,S,U,mkprolific_participant_real_32p7,mkprolific_participant_real_32p4,conversation_quality,mkprolific_participant_real_32,8.052456140350879,57.0
173,S,U,mkprolific_participant_real_32p7,mkprolific_participant_real_32p4,liked,mkprolific_participant_real_32,8.052456140350879,57.0
174,S,U,mkprolific_participant_real_32p7,mkprolific_participant_real_32p4,other_liked,mkprolific_participant_real_32,8.052456140350879,57.0
175,S,U,mkprolific_participant_real_32p7,mkprolific_participant_real_32p4,video_conf_quality,mkprolific_participant_real_32,8.052456140350879,57.0
176,S,S,mkprolific_participant_real_32p4,mkprolific_participant_real_32p8,conversation_quality,mkprolific_participant_real_32,8.9909900990099,50.5
177,S,S,mkprolific_participant_real_32p4,mkprolific_participant_real_32p8,liked,mkprolific_participant_real_32,8.9909900990099,50.5
178,S,S,mkprolific_participant_real_32p4,mkprolific_participant_real_32p8,other_liked,mkprolific_participant_real_32,8.9909900990099,50.5
179,S,S,mkprolific_participant_real_32p4,mkprolific_participant_real_32p8,video_conf_quality,mkprolific_participant_real_32,8.9909900990099,50.5
180,S,S,mkprolific_participant_real_32p8,mkprolific_participant_real_32p4,conversation_quality,mkprolific_participant_real_32,8.7772,50.0
181,S,S,mkprolific_participant_real_32p8,mkprolific_participant_real_32p4,liked,mkprolific_participant_real_32,8.7772,50.0
182,S,S,mkprolific_participant_real_32p8,mkprolific_participant_real_32p4,other_liked,mkprolific_participant_real_32,8.7772,50.0
183,S,S,mkprolific_participant_real_32p8,mkprolific_participant_real_32p4,video_conf_quality,mkprolific_participant_real_32,8.7772,50.0
184,U,U,mkreal_meeting_experiment_prolific2p1,mkreal_meeting_experiment_prolific2p5,conversation_quality,mkreal_meeting_experiment_prolific2,7.6286718749999975,64.0
185,U,U,mkreal_meeting_experiment_prolific2p1,mkreal_meeting_experiment_prolific2p5,liked,mkreal_meeting_experiment_prolific2,7.6286718749999975,64.0
186,U,U,mkreal_meeting_experiment_prolific2p1,mkreal_meeting_experiment_prolific2p5,other_liked,mkreal_meeting_experiment_prolific2,7.6286718749999975,64.0
187,U,U,mkreal_meeting_experiment_prolific2p1,mkreal_meeting_experiment_prolific2p5,video_conf_quality,mkreal_meeting_experiment_prolific2,7.6286718749999975,64.0
188,U,U,mkreal_meeting_experiment_prolific2p5,mkreal_meeting_experiment_prolific2p1,conversation_quality,mkreal_meeting_experiment_prolific2,16.832301587301586,63.0
189,U,U,mkreal_meeting_experiment_prolific2p5,mkreal_meeting_experiment_prolific2p1,liked,mkreal_meeting_experiment_prolific2,16.832301587301586,63.0
190,U,U,mkreal_meeting_experiment_prolific2p5,mkreal_meeting_experiment_prolific2p1,other_liked,mkreal_meeting_experiment_prolific2,16.832301587301586,63.0
191,U,U,mkreal_meeting_experiment_prolific2p5,mkreal_meeting_experiment_prolific2p1,video_conf_quality,mkreal_meeting_experiment_prolific2,16.832301587301586,63.0
192,S,S,mkreal_meeting_experiment_prolific2p1,mkreal_meeting_experiment_prolific2p7,conversation_quality,mkreal_meeting_experiment_prolific2,5.732628571428572,87.5
193,S,S,mkreal_meeting_experiment_prolific2p1,mkreal_meeting_experiment_prolific2p7,liked,mkreal_meeting_experiment_prolific2,5.732628571428572,87.5
194,S,S,mkreal_meeting_experiment_prolific2p1,mkreal_meeting_experiment_prolific2p7,other_liked,mkreal_meeting_experiment_prolific2,5.732628571428572,87.5
195,S,S,mkreal_meeting_experiment_prolific2p1,mkreal_meeting_experiment_prolific2p7,video_conf_quality,mkreal_meeting_experiment_prolific2,5.732628571428572,87.5
196,S,S,mkreal_meeting_experiment_prolific2p7,mkreal_meeting_experiment_prolific2p1,conversation_quality,mkreal_meeting_experiment_prolific2,8.514857142857142,87.5
197,S,S,mkreal_meeting_experiment_prolific2p7,mkreal_meeting_experiment_prolific2p1,liked,mkreal_meeting_experiment_prolific2,8.514857142857142,87.5
198,S,S,mkreal_meeting_experiment_prolific2p7,mkreal_meeting_experiment_prolific2p1,other_liked,mkreal_meeting_experiment_prolific2,8.514857142857142,87.5
199,S,S,mkreal_meeting_experiment_prolific2p7,mkreal_meeting_experiment_prolific2p1,video_conf_quality,mkreal_meeting_experiment_prolific2,8.514857142857142,87.5
200,U,S,mkreal_meeting_experiment_prolific2p1,mkreal_meeting_experiment_prolific2p8,conversation_quality,mkreal_meeting_experiment_prolific2,7.509999999999998,32.0
201,U,S,mkreal_meeting_experiment_prolific2p1,mkreal_meeting_experiment_prolific2p8,liked,mkreal_meeting_experiment_prolific2,7.509999999999998,32.0
202,U,S,mkreal_meeting_experiment_prolific2p1,mkreal_meeting_experiment_prolific2p8,other_liked,mkreal_meeting_experiment_prolific2,7.509999999999998,32.0
203,U,S,mkreal_meeting_experiment_prolific2p1,mkreal_meeting_experiment_prolific2p8,video_conf_quality,mkreal_meeting_experiment_prolific2,7.509999999999998,32.0
204,S,U,mkreal_meeting_experiment_prolific2p8,mkreal_meeting_experiment_prolific2p1,conversation_quality,mkreal_meeting_experiment_prolific2,12.118548387096773,31.0
205,S,U,mkreal_meeting_experiment_prolific2p8,mkreal_meeting_experiment_prolific2p1,liked,mkreal_meeting_experiment_prolific2,12.118548387096773,31.0
206,S,U,mkreal_meeting_experiment_prolific2p8,mkreal_meeting_experiment_prolific2p1,other_liked,mkreal_meeting_experiment_prolific2,12.118548387096773,31.0
207,S,U,mkreal_meeting_experiment_prolific2p8,mkreal_meeting_experiment_prolific2p1,video_conf_quality,mkreal_meeting_experiment_prolific2,12.118548387096773,31.0
208,S,S,mkreal_meeting_experiment_prolific2p2,mkreal_meeting_experiment_prolific2p5,conversation_quality,mkreal_meeting_experiment_prolific2,8.10426829268293,41.0
209,S,S,mkreal_meeting_experiment_prolific2p2,mkreal_meeting_experiment_prolific2p5,liked,mkreal_meeting_experiment_prolific2,8.10426829268293,41.0
210,S,S,mkreal_meeting_experiment_prolific2p2,mkreal_meeting_experiment_prolific2p5,other_liked,mkreal_meeting_experiment_prolific2,8.10426829268293,41.0
211,S,S,mkreal_meeting_experiment_prolific2p2,mkreal_meeting_experiment_prolific2p5,video_conf_quality,mkreal_meeting_experiment_prolific2,8.10426829268293,41.0
212,S,S,mkreal_meeting_experiment_prolific2p5,mkreal_meeting_experiment_prolific2p2,conversation_quality,mkreal_meeting_experiment_prolific2,9.937317073170735,41.0
213,S,S,mkreal_meeting_experiment_prolific2p5,mkreal_meeting_experiment_prolific2p2,liked,mkreal_meeting_experiment_prolific2,9.937317073170735,41.0
214,S,S,mkreal_meeting_experiment_prolific2p5,mkreal_meeting_experiment_prolific2p2,other_liked,mkreal_meeting_experiment_prolific2,9.937317073170735,41.0
215,S,S,mkreal_meeting_experiment_prolific2p5,mkreal_meeting_experiment_prolific2p2,video_conf_quality,mkreal_meeting_experiment_prolific2,9.937317073170735,41.0
216,U,S,mkreal_meeting_experiment_prolific2p2,mkreal_meeting_experiment_prolific2p6,conversation_quality,mkreal_meeting_experiment_prolific2,12.698571428571427,38.5
217,U,S,mkreal_meeting_experiment_prolific2p2,mkreal_meeting_experiment_prolific2p6,liked,mkreal_meeting_experiment_prolific2,12.698571428571427,38.5
218,U,S,mkreal_meeting_experiment_prolific2p2,mkreal_meeting_experiment_prolific2p6,other_liked,mkreal_meeting_experiment_prolific2,12.698571428571427,38.5
219,U,S,mkreal_meeting_experiment_prolific2p2,mkreal_meeting_experiment_prolific2p6,video_conf_quality,mkreal_meeting_experiment_prolific2,12.698571428571427,38.5
220,S,U,mkreal_meeting_experiment_prolific2p6,mkreal_meeting_experiment_prolific2p2,conversation_quality,mkreal_meeting_experiment_prolific2,5.024025974025974,38.5
221,S,U,mkreal_meeting_experiment_prolific2p6,mkreal_meeting_experiment_prolific2p2,liked,mkreal_meeting_experiment_prolific2,5.024025974025974,38.5
222,S,U,mkreal_meeting_experiment_prolific2p6,mkreal_meeting_experiment_prolific2p2,other_liked,mkreal_meeting_experiment_prolific2,5.024025974025974,38.5
223,S,U,mkreal_meeting_experiment_prolific2p6,mkreal_meeting_experiment_prolific2p2,video_conf_quality,mkreal_meeting_experiment_prolific2,5.024025974025974,38.5
224,U,U,mkreal_meeting_experiment_prolific2p2,mkreal_meeting_experiment_prolific2p7,conversation_quality,mkreal_meeting_experiment_prolific2,9.890714285714287,42.0
225,U,U,mkreal_meeting_experiment_prolific2p2,mkreal_meeting_experiment_prolific2p7,liked,mkreal_meeting_experiment_prolific2,9.890714285714287,42.0
226,U,U,mkreal_meeting_experiment_prolific2p2,mkreal_meeting_experiment_prolific2p7,other_liked,mkreal_meeting_experiment_prolific2,9.890714285714287,42.0
227,U,U,mkreal_meeting_experiment_prolific2p2,mkreal_meeting_experiment_prolific2p7,video_conf_quality,mkreal_meeting_experiment_prolific2,9.890714285714287,42.0
228,U,U,mkreal_meeting_experiment_prolific2p7,mkreal_meeting_experiment_prolific2p2,conversation_quality,mkreal_meeting_experiment_prolific2,8.097738095238094,42.0
229,U,U,mkreal_meeting_experiment_prolific2p7,mkreal_meeting_experiment_prolific2p2,liked,mkreal_meeting_experiment_prolific2,8.097738095238094,42.0
230,U,U,mkreal_meeting_experiment_prolific2p7,mkreal_meeting_experiment_prolific2p2,other_liked,mkreal_meeting_experiment_prolific2,8.097738095238094,42.0
231,U,U,mkreal_meeting_experiment_prolific2p7,mkreal_meeting_experiment_prolific2p2,video_conf_quality,mkreal_meeting_experiment_prolific2,8.097738095238094,42.0
232,S,U,mkreal_meeting_experiment_prolific2p2,mkreal_meeting_experiment_prolific2p8,conversation_quality,mkreal_meeting_experiment_prolific2,7.273265306122448,24.5
233,S,U,mkreal_meeting_experiment_prolific2p2,mkreal_meeting_experiment_prolific2p8,liked,mkreal_meeting_experiment_prolific2,7.273265306122448,24.5
234,S,U,mkreal_meeting_experiment_prolific2p2,mkreal_meeting_experiment_prolific2p8,other_liked,mkreal_meeting_experiment_prolific2,7.273265306122448,24.5
235,S,U,mkreal_meeting_experiment_prolific2p2,mkreal_meeting_experiment_prolific2p8,video_conf_quality,mkreal_meeting_experiment_prolific2,7.273265306122448,24.5
236,U,S,mkreal_meeting_experiment_prolific2p8,mkreal_meeting_experiment_prolific2p2,conversation_quality,mkreal_meeting_experiment_prolific2,11.413191489361704,23.5
237,U,S,mkreal_meeting_experiment_prolific2p8,mkreal_meeting_experiment_prolific2p2,liked,mkreal_meeting_experiment_prolific2,11.413191489361704,23.5
238,U,S,mkreal_meeting_experiment_prolific2p8,mkreal_meeting_experiment_prolific2p2,other_liked,mkreal_meeting_experiment_prolific2,11.413191489361704,23.5
239,U,S,mkreal_meeting_experiment_prolific2p8,mkreal_meeting_experiment_prolific2p2,video_conf_quality,mkreal_meeting_experiment_prolific2,11.413191489361704,23.5
240,U,S,mkreal_meeting_experiment_prolific2p3,mkreal_meeting_experiment_prolific2p5,conversation_quality,mkreal_meeting_experiment_prolific2,8.54295081967213,30.5
241,U,S,mkreal_meeting_experiment_prolific2p3,mkreal_meeting_experiment_prolific2p5,liked,mkreal_meeting_experiment_prolific2,8.54295081967213,30.5
242,U,S,mkreal_meeting_experiment_prolific2p3,mkreal_meeting_experiment_prolific2p5,other_liked,mkreal_meeting_experiment_prolific2,8.54295081967213,30.5
243,U,S,mkreal_meeting_experiment_prolific2p3,mkreal_meeting_experiment_prolific2p5,video_conf_quality,mkreal_meeting_experiment_prolific2,8.54295081967213,30.5
244,S,U,mkreal_meeting_experiment_prolific2p5,mkreal_meeting_experiment_prolific2p3,conversation_quality,mkreal_meeting_experiment_prolific2,10.657377049180328,30.5
245,S,U,mkreal_meeting_experiment_prolific2p5,mkreal_meeting_experiment_prolific2p3,liked,mkreal_meeting_experiment_prolific2,10.657377049180328,30.5
246,S,U,mkreal_meeting_experiment_prolific2p5,mkreal_meeting_experiment_prolific2p3,other_liked,mkreal_meeting_experiment_prolific2,10.657377049180328,30.5
247,S,U,mkreal_meeting_experiment_prolific2p5,mkreal_meeting_experiment_prolific2p3,video_conf_quality,mkreal_meeting_experiment_prolific2,10.657377049180328,30.5
248,S,S,mkreal_meeting_experiment_prolific2p3,mkreal_meeting_experiment_prolific2p6,conversation_quality,mkreal_meeting_experiment_prolific2,7.52315789473684,66.5
249,S,S,mkreal_meeting_experiment_prolific2p3,mkreal_meeting_experiment_prolific2p6,liked,mkreal_meeting_experiment_prolific2,7.52315789473684,66.5
250,S,S,mkreal_meeting_experiment_prolific2p3,mkreal_meeting_experiment_prolific2p6,other_liked,mkreal_meeting_experiment_prolific2,7.52315789473684,66.5
251,S,S,mkreal_meeting_experiment_prolific2p3,mkreal_meeting_experiment_prolific2p6,video_conf_quality,mkreal_meeting_experiment_prolific2,7.52315789473684,66.5
252,S,S,mkreal_meeting_experiment_prolific2p6,mkreal_meeting_experiment_prolific2p3,conversation_quality,mkreal_meeting_experiment_prolific2,12.187557251908398,65.5
253,S,S,mkreal_meeting_experiment_prolific2p6,mkreal_meeting_experiment_prolific2p3,liked,mkreal_meeting_experiment_prolific2,12.187557251908398,65.5
254,S,S,mkreal_meeting_experiment_prolific2p6,mkreal_meeting_experiment_prolific2p3,other_liked,mkreal_meeting_experiment_prolific2,12.187557251908398,65.5
255,S,S,mkreal_meeting_experiment_prolific2p6,mkreal_meeting_experiment_prolific2p3,video_conf_quality,mkreal_meeting_experiment_prolific2,12.187557251908398,65.5
256,S,U,mkreal_meeting_experiment_prolific2p3,mkreal_meeting_experiment_prolific2p7,conversation_quality,mkreal_meeting_experiment_prolific2,9.489016393442622,30.5
257,S,U,mkreal_meeting_experiment_prolific2p3,mkreal_meeting_experiment_prolific2p7,liked,mkreal_meeting_experiment_prolific2,9.489016393442622,30.5
258,S,U,mkreal_meeting_experiment_prolific2p3,mkreal_meeting_experiment_prolific2p7,other_liked,mkreal_meeting_experiment_prolific2,9.489016393442622,30.5
259,S,U,mkreal_meeting_experiment_prolific2p3,mkreal_meeting_experiment_prolific2p7,video_conf_quality,mkreal_meeting_experiment_prolific2,9.489016393442622,30.5
260,U,S,mkreal_meeting_experiment_prolific2p7,mkreal_meeting_experiment_prolific2p3,conversation_quality,mkreal_meeting_experiment_prolific2,5.567627118644068,29.5
261,U,S,mkreal_meeting_experiment_prolific2p7,mkreal_meeting_experiment_prolific2p3,liked,mkreal_meeting_experiment_prolific2,5.567627118644068,29.5
262,U,S,mkreal_meeting_experiment_prolific2p7,mkreal_meeting_experiment_prolific2p3,other_liked,mkreal_meeting_experiment_prolific2,5.567627118644068,29.5
263,U,S,mkreal_meeting_experiment_prolific2p7,mkreal_meeting_experiment_prolific2p3,video_conf_quality,mkreal_meeting_experiment_prolific2,5.567627118644068,29.5
264,U,U,mkreal_meeting_experiment_prolific2p3,mkreal_meeting_experiment_prolific2p8,conversation_quality,mkreal_meeting_experiment_prolific2,9.677156862745093,51.0
265,U,U,mkreal_meeting_experiment_prolific2p3,mkreal_meeting_experiment_prolific2p8,liked,mkreal_meeting_experiment_prolific2,9.677156862745093,51.0
266,U,U,mkreal_meeting_experiment_prolific2p3,mkreal_meeting_experiment_prolific2p8,other_liked,mkreal_meeting_experiment_prolific2,9.677156862745093,51.0
267,U,U,mkreal_meeting_experiment_prolific2p3,mkreal_meeting_experiment_prolific2p8,video_conf_quality,mkreal_meeting_experiment_prolific2,9.677156862745093,51.0
268,U,U,mkreal_meeting_experiment_prolific2p8,mkreal_meeting_experiment_prolific2p3,conversation_quality,mkreal_meeting_experiment_prolific2,13.087600000000002,50.0
269,U,U,mkreal_meeting_experiment_prolific2p8,mkreal_meeting_experiment_prolific2p3,liked,mkreal_meeting_experiment_prolific2,13.087600000000002,50.0
270,U,U,mkreal_meeting_experiment_prolific2p8,mkreal_meeting_experiment_prolific2p3,other_liked,mkreal_meeting_experiment_prolific2,13.087600000000002,50.0
271,U,U,mkreal_meeting_experiment_prolific2p8,mkreal_meeting_experiment_prolific2p3,video_conf_quality,mkreal_meeting_experiment_prolific2,13.087600000000002,50.0
272,S,U,mkreal_meeting_experiment_prolific2p4,mkreal_meeting_experiment_prolific2p5,conversation_quality,mkreal_meeting_experiment_prolific2,11.14892307692308,32.5
273,S,U,mkreal_meeting_experiment_prolific2p4,mkreal_meeting_experiment_prolific2p5,liked,mkreal_meeting_experiment_prolific2,11.14892307692308,32.5
274,S,U,mkreal_meeting_experiment_prolific2p4,mkreal_meeting_experiment_prolific2p5,other_liked,mkreal_meeting_experiment_prolific2,11.14892307692308,32.5
275,S,U,mkreal_meeting_experiment_prolific2p4,mkreal_meeting_experiment_prolific2p5,video_conf_quality,mkreal_meeting_experiment_prolific2,11.14892307692308,32.5
276,U,S,mkreal_meeting_experiment_prolific2p5,mkreal_meeting_experiment_prolific2p4,conversation_quality,mkreal_meeting_experiment_prolific2,11.176417910447759,33.5
277,U,S,mkreal_meeting_experiment_prolific2p5,mkreal_meeting_experiment_prolific2p4,liked,mkreal_meeting_experiment_prolific2,11.176417910447759,33.5
278,U,S,mkreal_meeting_experiment_prolific2p5,mkreal_meeting_experiment_prolific2p4,other_liked,mkreal_meeting_experiment_prolific2,11.176417910447759,33.5
279,U,S,mkreal_meeting_experiment_prolific2p5,mkreal_meeting_experiment_prolific2p4,video_conf_quality,mkreal_meeting_experiment_prolific2,11.176417910447759,33.5
280,U,U,mkreal_meeting_experiment_prolific2p4,mkreal_meeting_experiment_prolific2p6,conversation_quality,mkreal_meeting_experiment_prolific2,15.533246753246756,38.5
281,U,U,mkreal_meeting_experiment_prolific2p4,mkreal_meeting_experiment_prolific2p6,liked,mkreal_meeting_experiment_prolific2,15.533246753246756,38.5
282,U,U,mkreal_meeting_experiment_prolific2p4,mkreal_meeting_experiment_prolific2p6,other_liked,mkreal_meeting_experiment_prolific2,15.533246753246756,38.5
283,U,U,mkreal_meeting_experiment_prolific2p4,mkreal_meeting_experiment_prolific2p6,video_conf_quality,mkreal_meeting_experiment_prolific2,15.533246753246756,38.5
284,U,U,mkreal_meeting_experiment_prolific2p6,mkreal_meeting_experiment_prolific2p4,conversation_quality,mkreal_meeting_experiment_prolific2,12.565844155844157,38.5
285,U,U,mkreal_meeting_experiment_prolific2p6,mkreal_meeting_experiment_prolific2p4,liked,mkreal_meeting_experiment_prolific2,12.565844155844157,38.5
286,U,U,mkreal_meeting_experiment_prolific2p6,mkreal_meeting_experiment_prolific2p4,other_liked,mkreal_meeting_experiment_prolific2,12.565844155844157,38.5
287,U,U,mkreal_meeting_experiment_prolific2p6,mkreal_meeting_experiment_prolific2p4,video_conf_quality,mkreal_meeting_experiment_prolific2,12.565844155844157,38.5
288,U,S,mkreal_meeting_experiment_prolific2p4,mkreal_meeting_experiment_prolific2p7,conversation_quality,mkreal_meeting_experiment_prolific2,12.737088607594936,39.5
289,U,S,mkreal_meeting_experiment_prolific2p4,mkreal_meeting_experiment_prolific2p7,liked,mkreal_meeting_experiment_prolific2,12.737088607594936,39.5
290,U,S,mkreal_meeting_experiment_prolific2p4,mkreal_meeting_experiment_prolific2p7,other_liked,mkreal_meeting_experiment_prolific2,12.737088607594936,39.5
291,U,S,mkreal_meeting_experiment_prolific2p4,mkreal_meeting_experiment_prolific2p7,video_conf_quality,mkreal_meeting_experiment_prolific2,12.737088607594936,39.5
292,S,U,mkreal_meeting_experiment_prolific2p7,mkreal_meeting_experiment_prolific2p4,conversation_quality,mkreal_meeting_experiment_prolific2,10.347692307692311,39.0
293,S,U,mkreal_meeting_experiment_prolific2p7,mkreal_meeting_experiment_prolific2p4,liked,mkreal_meeting_experiment_prolific2,10.347692307692311,39.0
294,S,U,mkreal_meeting_experiment_prolific2p7,mkreal_meeting_experiment_prolific2p4,other_liked,mkreal_meeting_experiment_prolific2,10.347692307692311,39.0
295,S,U,mkreal_meeting_experiment_prolific2p7,mkreal_meeting_experiment_prolific2p4,video_conf_quality,mkreal_meeting_experiment_prolific2,10.347692307692311,39.0
296,S,S,mkreal_meeting_experiment_prolific2p4,mkreal_meeting_experiment_prolific2p8,conversation_quality,mkreal_meeting_experiment_prolific2,7.235000000000001,31.0
297,S,S,mkreal_meeting_experiment_prolific2p4,mkreal_meeting_experiment_prolific2p8,liked,mkreal_meeting_experiment_prolific2,7.235000000000001,31.0
298,S,S,mkreal_meeting_experiment_prolific2p4,mkreal_meeting_experiment_prolific2p8,other_liked,mkreal_meeting_experiment_prolific2,7.235000000000001,31.0
299,S,S,mkreal_meeting_experiment_prolific2p4,mkreal_meeting_experiment_prolific2p8,video_conf_quality,mkreal_meeting_experiment_prolific2,7.235000000000001,31.0
300,S,S,mkreal_meeting_experiment_prolific2p8,mkreal_meeting_experiment_prolific2p4,conversation_quality,mkreal_meeting_experiment_prolific2,8.302343749999999,32.0
301,S,S,mkreal_meeting_experiment_prolific2p8,mkreal_meeting_experiment_prolific2p4,liked,mkreal_meeting_experiment_prolific2,8.302343749999999,32.0
302,S,S,mkreal_meeting_experiment_prolific2p8,mkreal_meeting_experiment_prolific2p4,other_liked,mkreal_meeting_experiment_prolific2,8.302343749999999,32.0
303,S,S,mkreal_meeting_experiment_prolific2p8,mkreal_meeting_experiment_prolific2p4,video_conf_quality,mkreal_meeting_experiment_prolific2,8.302343749999999,32.0
304,U,U,mkreal_meeting_experiment_prolific4p1,mkreal_meeting_experiment_prolific4p5,conversation_quality,mkreal_meeting_experiment_prolific4,4.106463414634145,82.0
305,U,U,mkreal_meeting_experiment_prolific4p1,mkreal_meeting_experiment_prolific4p5,liked,mkreal_meeting_experiment_prolific4,4.106463414634145,82.0
306,U,U,mkreal_meeting_experiment_prolific4p1,mkreal_meeting_experiment_prolific4p5,other_liked,mkreal_meeting_experiment_prolific4,4.106463414634145,82.0
307,U,U,mkreal_meeting_experiment_prolific4p1,mkreal_meeting_experiment_prolific4p5,video_conf_quality,mkreal_meeting_experiment_prolific4,4.106463414634145,82.0
308,U,U,mkreal_meeting_experiment_prolific4p5,mkreal_meeting_experiment_prolific4p1,conversation_quality,mkreal_meeting_experiment_prolific4,6.36187878787879,82.5
309,U,U,mkreal_meeting_experiment_prolific4p5,mkreal_meeting_experiment_prolific4p1,liked,mkreal_meeting_experiment_prolific4,6.36187878787879,82.5
310,U,U,mkreal_meeting_experiment_prolific4p5,mkreal_meeting_experiment_prolific4p1,other_liked,mkreal_meeting_experiment_prolific4,6.36187878787879,82.5
311,U,U,mkreal_meeting_experiment_prolific4p5,mkreal_meeting_experiment_prolific4p1,video_conf_quality,mkreal_meeting_experiment_prolific4,6.36187878787879,82.5
312,S,S,mkreal_meeting_experiment_prolific4p1,mkreal_meeting_experiment_prolific4p7,conversation_quality,mkreal_meeting_experiment_prolific4,8.182736842105262,95.0
313,S,S,mkreal_meeting_experiment_prolific4p1,mkreal_meeting_experiment_prolific4p7,liked,mkreal_meeting_experiment_prolific4,8.182736842105262,95.0
314,S,S,mkreal_meeting_experiment_prolific4p1,mkreal_meeting_experiment_prolific4p7,other_liked,mkreal_meeting_experiment_prolific4,8.182736842105262,95.0
315,S,S,mkreal_meeting_experiment_prolific4p1,mkreal_meeting_experiment_prolific4p7,video_conf_quality,mkreal_meeting_experiment_prolific4,8.182736842105262,95.0
316,S,S,mkreal_meeting_experiment_prolific4p7,mkreal_meeting_experiment_prolific4p1,conversation_quality,mkreal_meeting_experiment_prolific4,2.643473684210528,95.0
317,S,S,mkreal_meeting_experiment_prolific4p7,mkreal_meeting_experiment_prolific4p1,liked,mkreal_meeting_experiment_prolific4,2.643473684210528,95.0
318,S,S,mkreal_meeting_experiment_prolific4p7,mkreal_meeting_experiment_prolific4p1,other_liked,mkreal_meeting_experiment_prolific4,2.643473684210528,95.0
319,S,S,mkreal_meeting_experiment_prolific4p7,mkreal_meeting_experiment_prolific4p1,video_conf_quality,mkreal_meeting_experiment_prolific4,2.643473684210528,95.0
320,U,S,mkreal_meeting_experiment_prolific4p1,mkreal_meeting_experiment_prolific4p8,conversation_quality,mkreal_meeting_experiment_prolific4,4.078370370370369,67.5
321,U,S,mkreal_meeting_experiment_prolific4p1,mkreal_meeting_experiment_prolific4p8,liked,mkreal_meeting_experiment_prolific4,4.078370370370369,67.5
322,U,S,mkreal_meeting_experiment_prolific4p1,mkreal_meeting_experiment_prolific4p8,other_liked,mkreal_meeting_experiment_prolific4,4.078370370370369,67.5
323,U,S,mkreal_meeting_experiment_prolific4p1,mkreal_meeting_experiment_prolific4p8,video_conf_quality,mkreal_meeting_experiment_prolific4,4.078370370370369,67.5
324,S,U,mkreal_meeting_experiment_prolific4p8,mkreal_meeting_experiment_prolific4p1,conversation_quality,mkreal_meeting_experiment_prolific4,3.8855882352941187,68.0
325,S,U,mkreal_meeting_experiment_prolific4p8,mkreal_meeting_experiment_prolific4p1,liked,mkreal_meeting_experiment_prolific4,3.8855882352941187,68.0
326,S,U,mkreal_meeting_experiment_prolific4p8,mkreal_meeting_experiment_prolific4p1,other_liked,mkreal_meeting_experiment_prolific4,3.8855882352941187,68.0
327,S,U,mkreal_meeting_experiment_prolific4p8,mkreal_meeting_experiment_prolific4p1,video_conf_quality,mkreal_meeting_experiment_prolific4,3.8855882352941187,68.0
328,S,S,mkreal_meeting_experiment_prolific4p2,mkreal_meeting_experiment_prolific4p5,conversation_quality,mkreal_meeting_experiment_prolific4,6.86709090909091,27.5
329,S,S,mkreal_meeting_experiment_prolific4p2,mkreal_meeting_experiment_prolific4p5,liked,mkreal_meeting_experiment_prolific4,6.86709090909091,27.5
330,S,S,mkreal_meeting_experiment_prolific4p2,mkreal_meeting_experiment_prolific4p5,other_liked,mkreal_meeting_experiment_prolific4,6.86709090909091,27.5
331,S,S,mkreal_meeting_experiment_prolific4p2,mkreal_meeting_experiment_prolific4p5,video_conf_quality,mkreal_meeting_experiment_prolific4,6.86709090909091,27.5
332,S,S,mkreal_meeting_experiment_prolific4p5,mkreal_meeting_experiment_prolific4p2,conversation_quality,mkreal_meeting_experiment_prolific4,12.073818181818183,27.5
333,S,S,mkreal_meeting_experiment_prolific4p5,mkreal_meeting_experiment_prolific4p2,liked,mkreal_meeting_experiment_prolific4,12.073818181818183,27.5
334,S,S,mkreal_meeting_experiment_prolific4p5,mkreal_meeting_experiment_prolific4p2,other_liked,mkreal_meeting_experiment_prolific4,12.073818181818183,27.5
335,S,S,mkreal_meeting_experiment_prolific4p5,mkreal_meeting_experiment_prolific4p2,video_conf_quality,mkreal_meeting_experiment_prolific4,12.073818181818183,27.5
336,U,U,mkreal_meeting_experiment_prolific4p2,mkreal_meeting_experiment_prolific4p7,conversation_quality,mkreal_meeting_experiment_prolific4,13.18480769230769,26.0
337,U,U,mkreal_meeting_experiment_prolific4p2,mkreal_meeting_experiment_prolific4p7,liked,mkreal_meeting_experiment_prolific4,13.18480769230769,26.0
338,U,U,mkreal_meeting_experiment_prolific4p2,mkreal_meeting_experiment_prolific4p7,other_liked,mkreal_meeting_experiment_prolific4,13.18480769230769,26.0
339,U,U,mkreal_meeting_experiment_prolific4p2,mkreal_meeting_experiment_prolific4p7,video_conf_quality,mkreal_meeting_experiment_prolific4,13.18480769230769,26.0
340,U,U,mkreal_meeting_experiment_prolific4p7,mkreal_meeting_experiment_prolific4p2,conversation_quality,mkreal_meeting_experiment_prolific4,8.215185185185184,27.0
341,U,U,mkreal_meeting_experiment_prolific4p7,mkreal_meeting_experiment_prolific4p2,liked,mkreal_meeting_experiment_prolific4,8.215185185185184,27.0
342,U,U,mkreal_meeting_experiment_prolific4p7,mkreal_meeting_experiment_prolific4p2,other_liked,mkreal_meeting_experiment_prolific4,8.215185185185184,27.0
343,U,U,mkreal_meeting_experiment_prolific4p7,mkreal_meeting_experiment_prolific4p2,video_conf_quality,mkreal_meeting_experiment_prolific4,8.215185185185184,27.0
344,S,U,mkreal_meeting_experiment_prolific4p2,mkreal_meeting_experiment_prolific4p8,conversation_quality,mkreal_meeting_experiment_prolific4,3.6698113207547163,53.0
345,S,U,mkreal_meeting_experiment_prolific4p2,mkreal_meeting_experiment_prolific4p8,liked,mkreal_meeting_experiment_prolific4,3.6698113207547163,53.0
346,S,U,mkreal_meeting_experiment_prolific4p2,mkreal_meeting_experiment_prolific4p8,other_liked,mkreal_meeting_experiment_prolific4,3.6698113207547163,53.0
347,S,U,mkreal_meeting_experiment_prolific4p2,mkreal_meeting_experiment_prolific4p8,video_conf_quality,mkreal_meeting_experiment_prolific4,3.6698113207547163,53.0
348,U,S,mkreal_meeting_experiment_prolific4p8,mkreal_meeting_experiment_prolific4p2,conversation_quality,mkreal_meeting_experiment_prolific4,3.334433962264149,53.0
349,U,S,mkreal_meeting_experiment_prolific4p8,mkreal_meeting_experiment_prolific4p2,liked,mkreal_meeting_experiment_prolific4,3.334433962264149,53.0
350,U,S,mkreal_meeting_experiment_prolific4p8,mkreal_meeting_experiment_prolific4p2,other_liked,mkreal_meeting_experiment_prolific4,3.334433962264149,53.0
351,U,S,mkreal_meeting_experiment_prolific4p8,mkreal_meeting_experiment_prolific4p2,video_conf_quality,mkreal_meeting_experiment_prolific4,3.334433962264149,53.0
352,U,S,mkreal_meeting_experiment_prolific4p3,mkreal_meeting_experiment_prolific4p5,conversation_quality,mkreal_meeting_experiment_prolific4,4.429633027522936,54.5
353,U,S,mkreal_meeting_experiment_prolific4p3,mkreal_meeting_experiment_prolific4p5,liked,mkreal_meeting_experiment_prolific4,4.429633027522936,54.5
354,U,S,mkreal_meeting_experiment_prolific4p3,mkreal_meeting_experiment_prolific4p5,other_liked,mkreal_meeting_experiment_prolific4,4.429633027522936,54.5
355,U,S,mkreal_meeting_experiment_prolific4p3,mkreal_meeting_experiment_prolific4p5,video_conf_quality,mkreal_meeting_experiment_prolific4,4.429633027522936,54.5
356,S,U,mkreal_meeting_experiment_prolific4p5,mkreal_meeting_experiment_prolific4p3,conversation_quality,mkreal_meeting_experiment_prolific4,4.548796296296295,54.0
357,S,U,mkreal_meeting_experiment_prolific4p5,mkreal_meeting_experiment_prolific4p3,liked,mkreal_meeting_experiment_prolific4,4.548796296296295,54.0
358,S,U,mkreal_meeting_experiment_prolific4p5,mkreal_meeting_experiment_prolific4p3,other_liked,mkreal_meeting_experiment_prolific4,4.548796296296295,54.0
359,S,U,mkreal_meeting_experiment_prolific4p5,mkreal_meeting_experiment_prolific4p3,video_conf_quality,mkreal_meeting_experiment_prolific4,4.548796296296295,54.0
360,S,U,mkreal_meeting_experiment_prolific4p4,mkreal_meeting_experiment_prolific4p5,conversation_quality,mkreal_meeting_experiment_prolific4,5.009306930693069,50.5
361,S,U,mkreal_meeting_experiment_prolific4p4,mkreal_meeting_experiment_prolific4p5,liked,mkreal_meeting_experiment_prolific4,5.009306930693069,50.5
362,S,U,mkreal_meeting_experiment_prolific4p4,mkreal_meeting_experiment_prolific4p5,other_liked,mkreal_meeting_experiment_prolific4,5.009306930693069,50.5
363,S,U,mkreal_meeting_experiment_prolific4p4,mkreal_meeting_experiment_prolific4p5,video_conf_quality,mkreal_meeting_experiment_prolific4,5.009306930693069,50.5
364,U,S,mkreal_meeting_experiment_prolific4p5,mkreal_meeting_experiment_prolific4p4,conversation_quality,mkreal_meeting_experiment_prolific4,10.350500000000002,50.0
365,U,S,mkreal_meeting_experiment_prolific4p5,mkreal_meeting_experiment_prolific4p4,liked,mkreal_meeting_experiment_prolific4,10.350500000000002,50.0
366,U,S,mkreal_meeting_experiment_prolific4p5,mkreal_meeting_experiment_prolific4p4,other_liked,mkreal_meeting_experiment_prolific4,10.350500000000002,50.0
367,U,S,mkreal_meeting_experiment_prolific4p5,mkreal_meeting_experiment_prolific4p4,video_conf_quality,mkreal_meeting_experiment_prolific4,10.350500000000002,50.0
368,U,S,mkreal_meeting_experiment_prolific4p4,mkreal_meeting_experiment_prolific4p7,conversation_quality,mkreal_meeting_experiment_prolific4,7.706525423728816,59.0
369,U,S,mkreal_meeting_experiment_prolific4p4,mkreal_meeting_experiment_prolific4p7,liked,mkreal_meeting_experiment_prolific4,7.706525423728816,59.0
370,U,S,mkreal_meeting_experiment_prolific4p4,mkreal_meeting_experiment_prolific4p7,other_liked,mkreal_meeting_experiment_prolific4,7.706525423728816,59.0
371,U,S,mkreal_meeting_experiment_prolific4p4,mkreal_meeting_experiment_prolific4p7,video_conf_quality,mkreal_meeting_experiment_prolific4,7.706525423728816,59.0
372,S,U,mkreal_meeting_experiment_prolific4p7,mkreal_meeting_experiment_prolific4p4,conversation_quality,mkreal_meeting_experiment_prolific4,9.50275,60.0
373,S,U,mkreal_meeting_experiment_prolific4p7,mkreal_meeting_experiment_prolific4p4,liked,mkreal_meeting_experiment_prolific4,9.50275,60.0
374,S,U,mkreal_meeting_experiment_prolific4p7,mkreal_meeting_experiment_prolific4p4,other_liked,mkreal_meeting_experiment_prolific4,9.50275,60.0
375,S,U,mkreal_meeting_experiment_prolific4p7,mkreal_meeting_experiment_prolific4p4,video_conf_quality,mkreal_meeting_experiment_prolific4,9.50275,60.0
376,S,S,mkreal_meeting_experiment_prolific4p4,mkreal_meeting_experiment_prolific4p8,conversation_quality,mkreal_meeting_experiment_prolific4,12.075102040816324,73.5
377,S,S,mkreal_meeting_experiment_prolific4p4,mkreal_meeting_experiment_prolific4p8,liked,mkreal_meeting_experiment_prolific4,12.075102040816324,73.5
378,S,S,mkreal_meeting_experiment_prolific4p4,mkreal_meeting_experiment_prolific4p8,other_liked,mkreal_meeting_experiment_prolific4,12.075102040816324,73.5
379,S,S,mkreal_meeting_experiment_prolific4p4,mkreal_meeting_experiment_prolific4p8,video_conf_quality,mkreal_meeting_experiment_prolific4,12.075102040816324,73.5
380,S,S,mkreal_meeting_experiment_prolific4p8,mkreal_meeting_experiment_prolific4p4,conversation_quality,mkreal_meeting_experiment_prolific4,5.863586206896552,72.5
381,S,S,mkreal_meeting_experiment_prolific4p8,mkreal_meeting_experiment_prolific4p4,liked,mkreal_meeting_experiment_prolific4,5.863586206896552,72.5
382,S,S,mkreal_meeting_experiment_prolific4p8,mkreal_meeting_experiment_prolific4p4,other_liked,mkreal_meeting_experiment_prolific4,5.863586206896552,72.5
383,S,S,mkreal_meeting_experiment_prolific4p8,mkreal_meeting_experiment_prolific4p4,video_conf_quality,mkreal_meeting_experiment_prolific4,5.863586206896552,72.5
384,S,S,mkreal_meeting_experiment_prolific5p3,mkreal_meeting_experiment_prolific5p6,conversation_quality,mkreal_meeting_experiment_prolific5,4.924148471615721,114.5
385,S,S,mkreal_meeting_experiment_prolific5p3,mkreal_meeting_experiment_prolific5p6,liked,mkreal_meeting_experiment_prolific5,4.924148471615721,114.5
386,S,S,mkreal_meeting_experiment_prolific5p3,mkreal_meeting_experiment_prolific5p6,other_liked,mkreal_meeting_experiment_prolific5,4.924148471615721,114.5
387,S,S,mkreal_meeting_experiment_prolific5p3,mkreal_meeting_experiment_prolific5p6,video_conf_quality,mkreal_meeting_experiment_prolific5,4.924148471615721,114.5
388,S,S,mkreal_meeting_experiment_prolific5p6,mkreal_meeting_experiment_prolific5p3,conversation_quality,mkreal_meeting_experiment_prolific5,5.868782608695652,115.0
389,S,S,mkreal_meeting_experiment_prolific5p6,mkreal_meeting_experiment_prolific5p3,liked,mkreal_meeting_experiment_prolific5,5.868782608695652,115.0
390,S,S,mkreal_meeting_experiment_prolific5p6,mkreal_meeting_experiment_prolific5p3,other_liked,mkreal_meeting_experiment_prolific5,5.868782608695652,115.0
391,S,S,mkreal_meeting_experiment_prolific5p6,mkreal_meeting_experiment_prolific5p3,video_conf_quality,mkreal_meeting_experiment_prolific5,5.868782608695652,115.0
392,S,U,mkreal_meeting_experiment_prolific5p3,mkreal_meeting_experiment_prolific5p7,conversation_quality,mkreal_meeting_experiment_prolific5,8.610703124999999,64.0
393,S,U,mkreal_meeting_experiment_prolific5p3,mkreal_meeting_experiment_prolific5p7,liked,mkreal_meeting_experiment_prolific5,8.610703124999999,64.0
394,S,U,mkreal_meeting_experiment_prolific5p3,mkreal_meeting_experiment_prolific5p7,other_liked,mkreal_meeting_experiment_prolific5,8.610703124999999,64.0
395,S,U,mkreal_meeting_experiment_prolific5p3,mkreal_meeting_experiment_prolific5p7,video_conf_quality,mkreal_meeting_experiment_prolific5,8.610703124999999,64.0
396,U,S,mkreal_meeting_experiment_prolific5p7,mkreal_meeting_experiment_prolific5p3,conversation_quality,mkreal_meeting_experiment_prolific5,2.949212598425196,63.5
397,U,S,mkreal_meeting_experiment_prolific5p7,mkreal_meeting_experiment_prolific5p3,liked,mkreal_meeting_experiment_prolific5,2.949212598425196,63.5
398,U,S,mkreal_meeting_experiment_prolific5p7,mkreal_meeting_experiment_prolific5p3,other_liked,mkreal_meeting_experiment_prolific5,2.949212598425196,63.5
399,U,S,mkreal_meeting_experiment_prolific5p7,mkreal_meeting_experiment_prolific5p3,video_conf_quality,mkreal_meeting_experiment_prolific5,2.949212598425196,63.5
404,U,S,mkreal_meeting_experiment_prolific5p5,mkreal_meeting_experiment_prolific5p4,conversation_quality,mkreal_meeting_experiment_prolific5,4.99888888888889,4.5
405,U,S,mkreal_meeting_experiment_prolific5p5,mkreal_meeting_experiment_prolific5p4,liked,mkreal_meeting_experiment_prolific5,4.99888888888889,4.5
406,U,S,mkreal_meeting_experiment_prolific5p5,mkreal_meeting_experiment_prolific5p4,other_liked,mkreal_meeting_experiment_prolific5,4.99888888888889,4.5
407,U,S,mkreal_meeting_experiment_prolific5p5,mkreal_meeting_experiment_prolific5p4,video_conf_quality,mkreal_meeting_experiment_prolific5,4.99888888888889,4.5
408,U,U,mkreal_meeting_experiment_prolific5p4,mkreal_meeting_experiment_prolific5p6,conversation_quality,mkreal_meeting_experiment_prolific5,12.359885057471262,43.5
409,U,U,mkreal_meeting_experiment_prolific5p4,mkreal_meeting_experiment_prolific5p6,liked,mkreal_meeting_experiment_prolific5,12.359885057471262,43.5
410,U,U,mkreal_meeting_experiment_prolific5p4,mkreal_meeting_experiment_prolific5p6,other_liked,mkreal_meeting_experiment_prolific5,12.359885057471262,43.5
411,U,U,mkreal_meeting_experiment_prolific5p4,mkreal_meeting_experiment_prolific5p6,video_conf_quality,mkreal_meeting_experiment_prolific5,12.359885057471262,43.5
412,U,U,mkreal_meeting_experiment_prolific5p6,mkreal_meeting_experiment_prolific5p4,conversation_quality,mkreal_meeting_experiment_prolific5,4.037294117647059,42.5
413,U,U,mkreal_meeting_experiment_prolific5p6,mkreal_meeting_experiment_prolific5p4,liked,mkreal_meeting_experiment_prolific5,4.037294117647059,42.5
414,U,U,mkreal_meeting_experiment_prolific5p6,mkreal_meeting_experiment_prolific5p4,other_liked,mkreal_meeting_experiment_prolific5,4.037294117647059,42.5
415,U,U,mkreal_meeting_experiment_prolific5p6,mkreal_meeting_experiment_prolific5p4,video_conf_quality,mkreal_meeting_experiment_prolific5,4.037294117647059,42.5
416,U,S,mkreal_meeting_experiment_prolific5p4,mkreal_meeting_experiment_prolific5p7,conversation_quality,mkreal_meeting_experiment_prolific5,12.67624,62.5
417,U,S,mkreal_meeting_experiment_prolific5p4,mkreal_meeting_experiment_prolific5p7,liked,mkreal_meeting_experiment_prolific5,12.67624,62.5
418,U,S,mkreal_meeting_experiment_prolific5p4,mkreal_meeting_experiment_prolific5p7,other_liked,mkreal_meeting_experiment_prolific5,12.67624,62.5
419,U,S,mkreal_meeting_experiment_prolific5p4,mkreal_meeting_experiment_prolific5p7,video_conf_quality,mkreal_meeting_experiment_prolific5,12.67624,62.5
420,S,U,mkreal_meeting_experiment_prolific5p7,mkreal_meeting_experiment_prolific5p4,conversation_quality,mkreal_meeting_experiment_prolific5,7.2412,62.5
421,S,U,mkreal_meeting_experiment_prolific5p7,mkreal_meeting_experiment_prolific5p4,liked,mkreal_meeting_experiment_prolific5,7.2412,62.5
422,S,U,mkreal_meeting_experiment_prolific5p7,mkreal_meeting_experiment_prolific5p4,other_liked,mkreal_meeting_experiment_prolific5,7.2412,62.5
423,S,U,mkreal_meeting_experiment_prolific5p7,mkreal_meeting_experiment_prolific5p4,video_conf_quality,mkreal_meeting_experiment_prolific5,7.2412,62.5
424,S,S,mkreal_meeting_experiment_prolific5p4,mkreal_meeting_experiment_prolific5p8,conversation_quality,mkreal_meeting_experiment_prolific5,11.538970588235292,68.0
425,S,S,mkreal_meeting_experiment_prolific5p4,mkreal_meeting_experiment_prolific5p8,liked,mkreal_meeting_experiment_prolific5,11.538970588235292,68.0
426,S,S,mkreal_meeting_experiment_prolific5p4,mkreal_meeting_experiment_prolific5p8,other_liked,mkreal_meeting_experiment_prolific5,11.538970588235292,68.0
427,S,S,mkreal_meeting_experiment_prolific5p4,mkreal_meeting_experiment_prolific5p8,video_conf_quality,mkreal_meeting_experiment_prolific5,11.538970588235292,68.0
428,S,S,mkreal_meeting_experiment_prolific5p8,mkreal_meeting_experiment_prolific5p4,conversation_quality,mkreal_meeting_experiment_prolific5,2.340149253731341,67.0
429,S,S,mkreal_meeting_experiment_prolific5p8,mkreal_meeting_experiment_prolific5p4,liked,mkreal_meeting_experiment_prolific5,2.340149253731341,67.0
430,S,S,mkreal_meeting_experiment_prolific5p8,mkreal_meeting_experiment_prolific5p4,other_liked,mkreal_meeting_experiment_prolific5,2.340149253731341,67.0
431,S,S,mkreal_meeting_experiment_prolific5p8,mkreal_meeting_experiment_prolific5p4,video_conf_quality,mkreal_meeting_experiment_prolific5,2.340149253731341,67.0
432,U,U,mkreal_meeting_experiment_prolific6p1,mkreal_meeting_experiment_prolific6p5,conversation_quality,mkreal_meeting_experiment_prolific6,5.736216216216215,37.0
433,U,U,mkreal_meeting_experiment_prolific6p1,mkreal_meeting_experiment_prolific6p5,liked,mkreal_meeting_experiment_prolific6,5.736216216216215,37.0
434,U,U,mkreal_meeting_experiment_prolific6p1,mkreal_meeting_experiment_prolific6p5,other_liked,mkreal_meeting_experiment_prolific6,5.736216216216215,37.0
435,U,U,mkreal_meeting_experiment_prolific6p1,mkreal_meeting_experiment_prolific6p5,video_conf_quality,mkreal_meeting_experiment_prolific6,5.736216216216215,37.0
436,U,U,mkreal_meeting_experiment_prolific6p5,mkreal_meeting_experiment_prolific6p1,conversation_quality,mkreal_meeting_experiment_prolific6,15.76791666666667,36.0
437,U,U,mkreal_meeting_experiment_prolific6p5,mkreal_meeting_experiment_prolific6p1,liked,mkreal_meeting_experiment_prolific6,15.76791666666667,36.0
438,U,U,mkreal_meeting_experiment_prolific6p5,mkreal_meeting_experiment_prolific6p1,other_liked,mkreal_meeting_experiment_prolific6,15.76791666666667,36.0
439,U,U,mkreal_meeting_experiment_prolific6p5,mkreal_meeting_experiment_prolific6p1,video_conf_quality,mkreal_meeting_experiment_prolific6,15.76791666666667,36.0
440,S,U,mkreal_meeting_experiment_prolific6p1,mkreal_meeting_experiment_prolific6p6,conversation_quality,mkreal_meeting_experiment_prolific6,17.23148648648649,37.0
441,S,U,mkreal_meeting_experiment_prolific6p1,mkreal_meeting_experiment_prolific6p6,liked,mkreal_meeting_experiment_prolific6,17.23148648648649,37.0
442,S,U,mkreal_meeting_experiment_prolific6p1,mkreal_meeting_experiment_prolific6p6,other_liked,mkreal_meeting_experiment_prolific6,17.23148648648649,37.0
443,S,U,mkreal_meeting_experiment_prolific6p1,mkreal_meeting_experiment_prolific6p6,video_conf_quality,mkreal_meeting_experiment_prolific6,17.23148648648649,37.0
444,U,S,mkreal_meeting_experiment_prolific6p6,mkreal_meeting_experiment_prolific6p1,conversation_quality,mkreal_meeting_experiment_prolific6,6.127500000000002,36.0
445,U,S,mkreal_meeting_experiment_prolific6p6,mkreal_meeting_experiment_prolific6p1,liked,mkreal_meeting_experiment_prolific6,6.127500000000002,36.0
446,U,S,mkreal_meeting_experiment_prolific6p6,mkreal_meeting_experiment_prolific6p1,other_liked,mkreal_meeting_experiment_prolific6,6.127500000000002,36.0
447,U,S,mkreal_meeting_experiment_prolific6p6,mkreal_meeting_experiment_prolific6p1,video_conf_quality,mkreal_meeting_experiment_prolific6,6.127500000000002,36.0
448,S,S,mkreal_meeting_experiment_prolific6p1,mkreal_meeting_experiment_prolific6p7,conversation_quality,mkreal_meeting_experiment_prolific6,8.191216216216217,74.0
449,S,S,mkreal_meeting_experiment_prolific6p1,mkreal_meeting_experiment_prolific6p7,liked,mkreal_meeting_experiment_prolific6,8.191216216216217,74.0
450,S,S,mkreal_meeting_experiment_prolific6p1,mkreal_meeting_experiment_prolific6p7,other_liked,mkreal_meeting_experiment_prolific6,8.191216216216217,74.0
451,S,S,mkreal_meeting_experiment_prolific6p1,mkreal_meeting_experiment_prolific6p7,video_conf_quality,mkreal_meeting_experiment_prolific6,8.191216216216217,74.0
452,S,S,mkreal_meeting_experiment_prolific6p7,mkreal_meeting_experiment_prolific6p1,conversation_quality,mkreal_meeting_experiment_prolific6,7.340135135135138,74.0
453,S,S,mkreal_meeting_experiment_prolific6p7,mkreal_meeting_experiment_prolific6p1,liked,mkreal_meeting_experiment_prolific6,7.340135135135138,74.0
454,S,S,mkreal_meeting_experiment_prolific6p7,mkreal_meeting_experiment_prolific6p1,other_liked,mkreal_meeting_experiment_prolific6,7.340135135135138,74.0
455,S,S,mkreal_meeting_experiment_prolific6p7,mkreal_meeting_experiment_prolific6p1,video_conf_quality,mkreal_meeting_experiment_prolific6,7.340135135135138,74.0
456,U,S,mkreal_meeting_experiment_prolific6p1,mkreal_meeting_experiment_prolific6p8,conversation_quality,mkreal_meeting_experiment_prolific6,8.951349693251533,81.5
457,U,S,mkreal_meeting_experiment_prolific6p1,mkreal_meeting_experiment_prolific6p8,liked,mkreal_meeting_experiment_prolific6,8.951349693251533,81.5
458,U,S,mkreal_meeting_experiment_prolific6p1,mkreal_meeting_experiment_prolific6p8,other_liked,mkreal_meeting_experiment_prolific6,8.951349693251533,81.5
459,U,S,mkreal_meeting_experiment_prolific6p1,mkreal_meeting_experiment_prolific6p8,video_conf_quality,mkreal_meeting_experiment_prolific6,8.951349693251533,81.5
460,S,U,mkreal_meeting_experiment_prolific6p8,mkreal_meeting_experiment_prolific6p1,conversation_quality,mkreal_meeting_experiment_prolific6,9.899565217391306,80.5
461,S,U,mkreal_meeting_experiment_prolific6p8,mkreal_meeting_experiment_prolific6p1,liked,mkreal_meeting_experiment_prolific6,9.899565217391306,80.5
462,S,U,mkreal_meeting_experiment_prolific6p8,mkreal_meeting_experiment_prolific6p1,other_liked,mkreal_meeting_experiment_prolific6,9.899565217391306,80.5
463,S,U,mkreal_meeting_experiment_prolific6p8,mkreal_meeting_experiment_prolific6p1,video_conf_quality,mkreal_meeting_experiment_prolific6,9.899565217391306,80.5
464,S,S,mkreal_meeting_experiment_prolific6p2,mkreal_meeting_experiment_prolific6p5,conversation_quality,mkreal_meeting_experiment_prolific6,6.258190476190476,52.5
465,S,S,mkreal_meeting_experiment_prolific6p2,mkreal_meeting_experiment_prolific6p5,liked,mkreal_meeting_experiment_prolific6,6.258190476190476,52.5
466,S,S,mkreal_meeting_experiment_prolific6p2,mkreal_meeting_experiment_prolific6p5,other_liked,mkreal_meeting_experiment_prolific6,6.258190476190476,52.5
467,S,S,mkreal_meeting_experiment_prolific6p2,mkreal_meeting_experiment_prolific6p5,video_conf_quality,mkreal_meeting_experiment_prolific6,6.258190476190476,52.5
468,S,S,mkreal_meeting_experiment_prolific6p5,mkreal_meeting_experiment_prolific6p2,conversation_quality,mkreal_meeting_experiment_prolific6,8.867809523809527,52.5
469,S,S,mkreal_meeting_experiment_prolific6p5,mkreal_meeting_experiment_prolific6p2,liked,mkreal_meeting_experiment_prolific6,8.867809523809527,52.5
470,S,S,mkreal_meeting_experiment_prolific6p5,mkreal_meeting_experiment_prolific6p2,other_liked,mkreal_meeting_experiment_prolific6,8.867809523809527,52.5
471,S,S,mkreal_meeting_experiment_prolific6p5,mkreal_meeting_experiment_prolific6p2,video_conf_quality,mkreal_meeting_experiment_prolific6,8.867809523809527,52.5
472,U,U,mkreal_meeting_experiment_prolific6p2,mkreal_meeting_experiment_prolific6p7,conversation_quality,mkreal_meeting_experiment_prolific6,7.106147540983606,61.0
473,U,U,mkreal_meeting_experiment_prolific6p2,mkreal_meeting_experiment_prolific6p7,liked,mkreal_meeting_experiment_prolific6,7.106147540983606,61.0
474,U,U,mkreal_meeting_experiment_prolific6p2,mkreal_meeting_experiment_prolific6p7,other_liked,mkreal_meeting_experiment_prolific6,7.106147540983606,61.0
475,U,U,mkreal_meeting_experiment_prolific6p2,mkreal_meeting_experiment_prolific6p7,video_conf_quality,mkreal_meeting_experiment_prolific6,7.106147540983606,61.0
476,U,U,mkreal_meeting_experiment_prolific6p7,mkreal_meeting_experiment_prolific6p2,conversation_quality,mkreal_meeting_experiment_prolific6,7.023166666666667,60.0
477,U,U,mkreal_meeting_experiment_prolific6p7,mkreal_meeting_experiment_prolific6p2,liked,mkreal_meeting_experiment_prolific6,7.023166666666667,60.0
478,U,U,mkreal_meeting_experiment_prolific6p7,mkreal_meeting_experiment_prolific6p2,other_liked,mkreal_meeting_experiment_prolific6,7.023166666666667,60.0
479,U,U,mkreal_meeting_experiment_prolific6p7,mkreal_meeting_experiment_prolific6p2,video_conf_quality,mkreal_meeting_experiment_prolific6,7.023166666666667,60.0
480,S,U,mkreal_meeting_experiment_prolific6p2,mkreal_meeting_experiment_prolific6p8,conversation_quality,mkreal_meeting_experiment_prolific6,9.109468599033816,103.5
481,S,U,mkreal_meeting_experiment_prolific6p2,mkreal_meeting_experiment_prolific6p8,liked,mkreal_meeting_experiment_prolific6,9.109468599033816,103.5
482,S,U,mkreal_meeting_experiment_prolific6p2,mkreal_meeting_experiment_prolific6p8,other_liked,mkreal_meeting_experiment_prolific6,9.109468599033816,103.5
483,S,U,mkreal_meeting_experiment_prolific6p2,mkreal_meeting_experiment_prolific6p8,video_conf_quality,mkreal_meeting_experiment_prolific6,9.109468599033816,103.5
484,U,S,mkreal_meeting_experiment_prolific6p8,mkreal_meeting_experiment_prolific6p2,conversation_quality,mkreal_meeting_experiment_prolific6,8.51629268292683,102.5
485,U,S,mkreal_meeting_experiment_prolific6p8,mkreal_meeting_experiment_prolific6p2,liked,mkreal_meeting_experiment_prolific6,8.51629268292683,102.5
486,U,S,mkreal_meeting_experiment_prolific6p8,mkreal_meeting_experiment_prolific6p2,other_liked,mkreal_meeting_experiment_prolific6,8.51629268292683,102.5
487,U,S,mkreal_meeting_experiment_prolific6p8,mkreal_meeting_experiment_prolific6p2,video_conf_quality,mkreal_meeting_experiment_prolific6,8.51629268292683,102.5
488,U,S,mkreal_meeting_experiment_prolific6p3,mkreal_meeting_experiment_prolific6p5,conversation_quality,mkreal_meeting_experiment_prolific6,3.640754716981133,53.0
489,U,S,mkreal_meeting_experiment_prolific6p3,mkreal_meeting_experiment_prolific6p5,liked,mkreal_meeting_experiment_prolific6,3.640754716981133,53.0
490,U,S,mkreal_meeting_experiment_prolific6p3,mkreal_meeting_experiment_prolific6p5,other_liked,mkreal_meeting_experiment_prolific6,3.640754716981133,53.0
491,U,S,mkreal_meeting_experiment_prolific6p3,mkreal_meeting_experiment_prolific6p5,video_conf_quality,mkreal_meeting_experiment_prolific6,3.640754716981133,53.0
492,S,U,mkreal_meeting_experiment_prolific6p5,mkreal_meeting_experiment_prolific6p3,conversation_quality,mkreal_meeting_experiment_prolific6,5.691509433962265,53.0
493,S,U,mkreal_meeting_experiment_prolific6p5,mkreal_meeting_experiment_prolific6p3,liked,mkreal_meeting_experiment_prolific6,5.691509433962265,53.0
494,S,U,mkreal_meeting_experiment_prolific6p5,mkreal_meeting_experiment_prolific6p3,other_liked,mkreal_meeting_experiment_prolific6,5.691509433962265,53.0
495,S,U,mkreal_meeting_experiment_prolific6p5,mkreal_meeting_experiment_prolific6p3,video_conf_quality,mkreal_meeting_experiment_prolific6,5.691509433962265,53.0
496,S,S,mkreal_meeting_experiment_prolific6p3,mkreal_meeting_experiment_prolific6p6,conversation_quality,mkreal_meeting_experiment_prolific6,3.274305555555556,36.0
497,S,S,mkreal_meeting_experiment_prolific6p3,mkreal_meeting_experiment_prolific6p6,liked,mkreal_meeting_experiment_prolific6,3.274305555555556,36.0
498,S,S,mkreal_meeting_experiment_prolific6p3,mkreal_meeting_experiment_prolific6p6,other_liked,mkreal_meeting_experiment_prolific6,3.274305555555556,36.0
499,S,S,mkreal_meeting_experiment_prolific6p3,mkreal_meeting_experiment_prolific6p6,video_conf_quality,mkreal_meeting_experiment_prolific6,3.274305555555556,36.0
500,S,S,mkreal_meeting_experiment_prolific6p6,mkreal_meeting_experiment_prolific6p3,conversation_quality,mkreal_meeting_experiment_prolific6,3.882162162162161,37.0
501,S,S,mkreal_meeting_experiment_prolific6p6,mkreal_meeting_experiment_prolific6p3,liked,mkreal_meeting_experiment_prolific6,3.882162162162161,37.0
502,S,S,mkreal_meeting_experiment_prolific6p6,mkreal_meeting_experiment_prolific6p3,other_liked,mkreal_meeting_experiment_prolific6,3.882162162162161,37.0
503,S,S,mkreal_meeting_experiment_prolific6p6,mkreal_meeting_experiment_prolific6p3,video_conf_quality,mkreal_meeting_experiment_prolific6,3.882162162162161,37.0
504,S,U,mkreal_meeting_experiment_prolific6p3,mkreal_meeting_experiment_prolific6p7,conversation_quality,mkreal_meeting_experiment_prolific6,7.501129032258064,62.0
505,S,U,mkreal_meeting_experiment_prolific6p3,mkreal_meeting_experiment_prolific6p7,liked,mkreal_meeting_experiment_prolific6,7.501129032258064,62.0
506,S,U,mkreal_meeting_experiment_prolific6p3,mkreal_meeting_experiment_prolific6p7,other_liked,mkreal_meeting_experiment_prolific6,7.501129032258064,62.0
507,S,U,mkreal_meeting_experiment_prolific6p3,mkreal_meeting_experiment_prolific6p7,video_conf_quality,mkreal_meeting_experiment_prolific6,7.501129032258064,62.0
508,U,S,mkreal_meeting_experiment_prolific6p7,mkreal_meeting_experiment_prolific6p3,conversation_quality,mkreal_meeting_experiment_prolific6,11.371463414634146,61.5
509,U,S,mkreal_meeting_experiment_prolific6p7,mkreal_meeting_experiment_prolific6p3,liked,mkreal_meeting_experiment_prolific6,11.371463414634146,61.5
510,U,S,mkreal_meeting_experiment_prolific6p7,mkreal_meeting_experiment_prolific6p3,other_liked,mkreal_meeting_experiment_prolific6,11.371463414634146,61.5
511,U,S,mkreal_meeting_experiment_prolific6p7,mkreal_meeting_experiment_prolific6p3,video_conf_quality,mkreal_meeting_experiment_prolific6,11.371463414634146,61.5
512,U,U,mkreal_meeting_experiment_prolific6p3,mkreal_meeting_experiment_prolific6p8,conversation_quality,mkreal_meeting_experiment_prolific6,3.105042735042735,58.5
513,U,U,mkreal_meeting_experiment_prolific6p3,mkreal_meeting_experiment_prolific6p8,liked,mkreal_meeting_experiment_prolific6,3.105042735042735,58.5
514,U,U,mkreal_meeting_experiment_prolific6p3,mkreal_meeting_experiment_prolific6p8,other_liked,mkreal_meeting_experiment_prolific6,3.105042735042735,58.5
515,U,U,mkreal_meeting_experiment_prolific6p3,mkreal_meeting_experiment_prolific6p8,video_conf_quality,mkreal_meeting_experiment_prolific6,3.105042735042735,58.5
516,U,U,mkreal_meeting_experiment_prolific6p8,mkreal_meeting_experiment_prolific6p3,conversation_quality,mkreal_meeting_experiment_prolific6,3.295862068965515,58.0
517,U,U,mkreal_meeting_experiment_prolific6p8,mkreal_meeting_experiment_prolific6p3,liked,mkreal_meeting_experiment_prolific6,3.295862068965515,58.0
518,U,U,mkreal_meeting_experiment_prolific6p8,mkreal_meeting_experiment_prolific6p3,other_liked,mkreal_meeting_experiment_prolific6,3.295862068965515,58.0
519,U,U,mkreal_meeting_experiment_prolific6p8,mkreal_meeting_experiment_prolific6p3,video_conf_quality,mkreal_meeting_experiment_prolific6,3.295862068965515,58.0
520,S,U,mkreal_meeting_experiment_prolific6p4,mkreal_meeting_experiment_prolific6p5,conversation_quality,mkreal_meeting_experiment_prolific6,9.752133333333331,37.5
521,S,U,mkreal_meeting_experiment_prolific6p4,mkreal_meeting_experiment_prolific6p5,liked,mkreal_meeting_experiment_prolific6,9.752133333333331,37.5
522,S,U,mkreal_meeting_experiment_prolific6p4,mkreal_meeting_experiment_prolific6p5,other_liked,mkreal_meeting_experiment_prolific6,9.752133333333331,37.5
523,S,U,mkreal_meeting_experiment_prolific6p4,mkreal_meeting_experiment_prolific6p5,video_conf_quality,mkreal_meeting_experiment_prolific6,9.752133333333331,37.5
524,U,S,mkreal_meeting_experiment_prolific6p5,mkreal_meeting_experiment_prolific6p4,conversation_quality,mkreal_meeting_experiment_prolific6,16.241973684210528,38.0
525,U,S,mkreal_meeting_experiment_prolific6p5,mkreal_meeting_experiment_prolific6p4,liked,mkreal_meeting_experiment_prolific6,16.241973684210528,38.0
526,U,S,mkreal_meeting_experiment_prolific6p5,mkreal_meeting_experiment_prolific6p4,other_liked,mkreal_meeting_experiment_prolific6,16.241973684210528,38.0
527,U,S,mkreal_meeting_experiment_prolific6p5,mkreal_meeting_experiment_prolific6p4,video_conf_quality,mkreal_meeting_experiment_prolific6,16.241973684210528,38.0
528,U,U,mkreal_meeting_experiment_prolific6p4,mkreal_meeting_experiment_prolific6p6,conversation_quality,mkreal_meeting_experiment_prolific6,5.242027027027027,37.0
529,U,U,mkreal_meeting_experiment_prolific6p4,mkreal_meeting_experiment_prolific6p6,liked,mkreal_meeting_experiment_prolific6,5.242027027027027,37.0
530,U,U,mkreal_meeting_experiment_prolific6p4,mkreal_meeting_experiment_prolific6p6,other_liked,mkreal_meeting_experiment_prolific6,5.242027027027027,37.0
531,U,U,mkreal_meeting_experiment_prolific6p4,mkreal_meeting_experiment_prolific6p6,video_conf_quality,mkreal_meeting_experiment_prolific6,5.242027027027027,37.0
532,U,U,mkreal_meeting_experiment_prolific6p6,mkreal_meeting_experiment_prolific6p4,conversation_quality,mkreal_meeting_experiment_prolific6,5.419729729729729,37.0
533,U,U,mkreal_meeting_experiment_prolific6p6,mkreal_meeting_experiment_prolific6p4,liked,mkreal_meeting_experiment_prolific6,5.419729729729729,37.0
534,U,U,mkreal_meeting_experiment_prolific6p6,mkreal_meeting_experiment_prolific6p4,other_liked,mkreal_meeting_experiment_prolific6,5.419729729729729,37.0
535,U,U,mkreal_meeting_experiment_prolific6p6,mkreal_meeting_experiment_prolific6p4,video_conf_quality,mkreal_meeting_experiment_prolific6,5.419729729729729,37.0
536,U,S,mkreal_meeting_experiment_prolific6p4,mkreal_meeting_experiment_prolific6p7,conversation_quality,mkreal_meeting_experiment_prolific6,6.825087719298247,85.5
537,U,S,mkreal_meeting_experiment_prolific6p4,mkreal_meeting_experiment_prolific6p7,liked,mkreal_meeting_experiment_prolific6,6.825087719298247,85.5
538,U,S,mkreal_meeting_experiment_prolific6p4,mkreal_meeting_experiment_prolific6p7,other_liked,mkreal_meeting_experiment_prolific6,6.825087719298247,85.5
539,U,S,mkreal_meeting_experiment_prolific6p4,mkreal_meeting_experiment_prolific6p7,video_conf_quality,mkreal_meeting_experiment_prolific6,6.825087719298247,85.5
540,S,U,mkreal_meeting_experiment_prolific6p7,mkreal_meeting_experiment_prolific6p4,conversation_quality,mkreal_meeting_experiment_prolific6,10.431520467836254,85.5
541,S,U,mkreal_meeting_experiment_prolific6p7,mkreal_meeting_experiment_prolific6p4,liked,mkreal_meeting_experiment_prolific6,10.431520467836254,85.5
542,S,U,mkreal_meeting_experiment_prolific6p7,mkreal_meeting_experiment_prolific6p4,other_liked,mkreal_meeting_experiment_prolific6,10.431520467836254,85.5
543,S,U,mkreal_meeting_experiment_prolific6p7,mkreal_meeting_experiment_prolific6p4,video_conf_quality,mkreal_meeting_experiment_prolific6,10.431520467836254,85.5
544,S,S,mkreal_meeting_experiment_prolific6p4,mkreal_meeting_experiment_prolific6p8,conversation_quality,mkreal_meeting_experiment_prolific6,4.6211494252873555,43.5
545,S,S,mkreal_meeting_experiment_prolific6p4,mkreal_meeting_experiment_prolific6p8,liked,mkreal_meeting_experiment_prolific6,4.6211494252873555,43.5
546,S,S,mkreal_meeting_experiment_prolific6p4,mkreal_meeting_experiment_prolific6p8,other_liked,mkreal_meeting_experiment_prolific6,4.6211494252873555,43.5
547,S,S,mkreal_meeting_experiment_prolific6p4,mkreal_meeting_experiment_prolific6p8,video_conf_quality,mkreal_meeting_experiment_prolific6,4.6211494252873555,43.5
548,S,S,mkreal_meeting_experiment_prolific6p8,mkreal_meeting_experiment_prolific6p4,conversation_quality,mkreal_meeting_experiment_prolific6,2.5771764705882356,42.5
549,S,S,mkreal_meeting_experiment_prolific6p8,mkreal_meeting_experiment_prolific6p4,liked,mkreal_meeting_experiment_prolific6,2.5771764705882356,42.5
550,S,S,mkreal_meeting_experiment_prolific6p8,mkreal_meeting_experiment_prolific6p4,other_liked,mkreal_meeting_experiment_prolific6,2.5771764705882356,42.5
551,S,S,mkreal_meeting_experiment_prolific6p8,mkreal_meeting_experiment_prolific6p4,video_conf_quality,mkreal_meeting_experiment_prolific6,2.5771764705882356,42.5
